i,t,m,0
0001-001-001,2019-20,Mainland Rural,22773.814940273292
0001-001-003,2019-20,Mainland Rural,18603.721774318736
0001-001-004,2019-20,Dar Es Salaam,30043.383643827587
0001-004-001,2019-20,Mainland Rural,25038.7603823901
0003-001-001,2019-20,Mainland Rural,59698.468635454294
0004-001-001,2019-20,Mainland Rural,42127.21237986869
0005-001-001,2019-20,Mainland Rural,42261.64808077429
0007-001-001,2019-20,Mainland Rural,36409.27111334038
0009-001-001,2019-20,Mainland Rural,31663.522744355865
0010-001-001,2019-20,Mainland Rural,22822.017925198623
0011-001-001,2019-20,Mainland Rural,20023.201397871573
0012-001-001,2019-20,Mainland Rural,121962.88958913615
0012-001-010,2019-20,Mainland Rural,15917.74274753635
0013-001-001,2019-20,Mainland Rural,38423.09872516199
0015-001-001,2019-20,Mainland Rural,48120.011489630466
0016-001-001,2019-20,Mainland Rural,30994.572245828
0016-001-002,2019-20,Mainland Rural,36048.20239521191
0017-001-001,2019-20,Mainland Rural,30359.799674704063
0017-002-001,2019-20,Mainland Other Urban,35033.9964368267
0018-001-001,2019-20,Mainland Rural,41966.05208532684
0020-001-001,2019-20,Mainland Rural,30161.915577398962
0021-001-002,2019-20,Mainland Other Urban,30255.5977635997
0024-001-001,2019-20,Mainland Other Urban,49977.45118139181
0028-001-001,2019-20,Mainland Other Urban,27627.05480299988
0029-001-001,2019-20,Mainland Other Urban,42174.28889616415
0030-001-001,2019-20,Mainland Other Urban,30974.128573432958
0031-001-001,2019-20,Mainland Other Urban,66574.80701348057
0032-001-001,2019-20,Mainland Other Urban,50741.48459399863
0034-001-001,2019-20,Dar Es Salaam,74464.45772253591
0036-001-001,2019-20,Mainland Other Urban,19749.30117500725
0038-001-001,2019-20,Mainland Other Urban,32790.171042320755
0039-001-001,2019-20,Mainland Rural,45264.11297136309
0040-001-001,2019-20,Mainland Other Urban,20105.695022919575
0041-001-001,2019-20,Mainland Other Urban,21938.605450075374
0041-004-001,2019-20,Mainland Other Urban,26825.461919871905
0042-001-001,2019-20,Dar Es Salaam,24771.69795986623
0042-001-002,2019-20,Mainland Rural,17954.093515289598
0043-001-001,2019-20,Mainland Rural,29995.85695018359
0044-001-001,2019-20,Mainland Other Urban,32505.473850992996
0045-001-001,2019-20,Mainland Rural,38793.90329049903
0046-001-001,2019-20,Mainland Rural,74401.71758174288
0047-001-001,2019-20,Mainland Other Urban,40802.14950336677
0048-001-001,2019-20,Mainland Rural,27367.756212250886
0049-001-001,2019-20,Mainland Rural,27471.05121700734
0050-001-001,2019-20,Mainland Rural,36612.608950757996
0051-001-001,2019-20,Mainland Rural,38508.0446131994
0051-001-002,2019-20,Dar Es Salaam,29403.702874346505
0051-001-003,2019-20,Dar Es Salaam,45719.172569356444
0055-001-001,2019-20,Mainland Rural,18062.45898806318
0055-003-001,2019-20,Mainland Rural,19514.90335954647
0056-001-001,2019-20,Mainland Rural,49482.50160764291
0057-001-001,2019-20,Mainland Rural,30635.340289674936
0058-001-001,2019-20,Mainland Rural,40128.346977560104
0059-001-001,2019-20,Mainland Rural,33210.95786341313
0060-001-001,2019-20,Mainland Rural,47621.699010189106
0062-001-001,2019-20,Mainland Rural,41010.78993725354
0062-001-003,2019-20,Mainland Rural,23378.710495682004
0062-001-004,2019-20,Mainland Rural,23784.07868295358
0062-004-001,2019-20,Mainland Rural,44137.34012847147
0063-001-003,2019-20,Dar Es Salaam,17336.41818319715
0065-001-001,2019-20,Mainland Rural,29529.15729083175
0066-003-003,2019-20,Mainland Rural,29694.528026228374
0066-003-006,2019-20,Mainland Other Urban,16024.057397343926
0067-001-001,2019-20,Mainland Rural,58147.87672633769
0067-001-002,2019-20,Mainland Rural,16595.325111227216
0067-004-001,2019-20,Mainland Rural,38164.14734250251
0069-002-001,2019-20,Mainland Rural,36593.6196801602
0071-001-001,2019-20,Mainland Rural,33480.70000554447
0071-001-003,2019-20,Mainland Other Urban,17011.43433083447
0072-001-001,2019-20,Mainland Other Urban,43739.847030897625
0072-003-001,2019-20,Mainland Other Urban,37799.92116024034
0073-001-001,2019-20,Mainland Rural,45328.52178870693
0073-001-002,2019-20,Mainland Rural,29653.80391255655
0074-001-001,2019-20,Mainland Rural,41168.46872056559
0075-001-003,2019-20,Mainland Rural,17449.1896334335
0077-001-001,2019-20,Mainland Rural,41986.5259211238
0077-003-001,2019-20,Mainland Rural,51367.09676421862
0078-001-001,2019-20,Mainland Rural,77015.36069198581
0079-001-001,2019-20,Mainland Rural,27799.46656728634
0080-001-001,2019-20,Mainland Rural,40361.430147215644
0081-001-001,2019-20,Mainland Rural,58041.61816458409
0081-004-001,2019-20,Mainland Rural,21494.970112694493
0082-001-001,2019-20,Mainland Rural,40693.24732218654
0082-003-001,2019-20,Mainland Other Urban,44987.58475966681
0082-003-002,2019-20,Dar Es Salaam,55213.786667358465
0082-004-001,2019-20,Mainland Other Urban,39510.09460205546
0082-005-001,2019-20,Dar Es Salaam,42249.94733034035
0083-001-001,2019-20,Mainland Rural,59577.22230308741
0084-001-001,2019-20,Mainland Rural,36403.19891439329
0084-002-001,2019-20,Mainland Rural,59173.704309448745
0085-001-001,2019-20,Mainland Rural,28043.16243753531
0085-002-001,2019-20,Mainland Other Urban,31875.20770423887
0085-003-001,2019-20,Mainland Other Urban,31796.326182048833
0086-001-001,2019-20,Dar Es Salaam,23093.598667999802
0087-001-001,2019-20,Mainland Rural,36770.5529287293
0087-001-002,2019-20,Mainland Rural,27305.113545654156
0088-001-001,2019-20,Mainland Rural,42174.166306109706
0089-001-001,2019-20,Mainland Rural,70826.26332028599
0089-002-001,2019-20,Mainland Rural,31870.65456089136
0089-002-002,2019-20,Mainland Other Urban,22134.193808066633
0090-001-001,2019-20,Mainland Rural,55169.12669732875
0090-001-005,2019-20,Mainland Other Urban,25651.331091292534
0091-001-001,2019-20,Mainland Other Urban,18843.386193976497
0092-001-001,2019-20,Mainland Other Urban,33931.6574712886
0093-001-001,2019-20,Dar Es Salaam,38971.15818990837
0096-001-001,2019-20,Mainland Other Urban,44252.94536303984
0096-002-002,2019-20,Mainland Rural,29423.152427247347
0097-001-001,2019-20,Mainland Other Urban,23469.725080779288
0097-001-003,2019-20,Mainland Other Urban,35484.727832251774
0098-001-001,2019-20,Dar Es Salaam,18158.2782685532
0099-001-001,2019-20,Mainland Rural,39589.601493686976
0099-001-004,2019-20,Dar Es Salaam,36467.1018337893
0099-001-006,2019-20,Mainland Other Urban,18456.033601439776
0099-008-001,2019-20,Mainland Rural,31179.649439558903
0100-001-001,2019-20,Mainland Rural,22485.281462243132
0101-001-001,2019-20,Mainland Rural,49469.85781856497
0101-002-001,2019-20,Mainland Other Urban,20193.49446388698
0101-003-001,2019-20,Mainland Other Urban,21593.767438020197
0102-001-001,2019-20,Mainland Other Urban,45614.91869941879
0102-001-003,2019-20,Dar Es Salaam,46259.81832695339
0103-001-001,2019-20,Mainland Rural,49145.244633279115
0104-001-001,2019-20,Mainland Other Urban,42515.70524600994
0104-001-006,2019-20,Mainland Other Urban,21301.072212275652
0104-008-001,2019-20,Mainland Other Urban,15619.169222460407
0105-001-001,2019-20,Mainland Other Urban,25573.961420016116
0105-005-001,2019-20,Mainland Rural,20402.95710782603
0106-001-002,2019-20,Mainland Rural,23138.11270120049
0106-001-003,2019-20,Mainland Other Urban,28499.60039166952
0107-001-001,2019-20,Mainland Other Urban,19368.005498794875
0108-001-001,2019-20,Mainland Rural,31200.050319229438
0108-001-002,2019-20,Mainland Rural,114404745.95361009
0109-001-001,2019-20,Mainland Rural,24992.354866899033
0110-001-001,2019-20,Mainland Other Urban,40181.57202180436
0110-001-002,2019-20,Mainland Other Urban,36403.21862537675
0111-001-001,2019-20,Mainland Rural,37379.02080259321
0112-001-001,2019-20,Mainland Rural,64321.082079294334
0112-001-002,2019-20,Mainland Other Urban,52330.29891299901
0113-001-001,2019-20,Mainland Rural,56526.129500634044
0113-002-001,2019-20,Mainland Rural,126754.4083328812
0114-001-001,2019-20,Mainland Rural,24750.049105298254
0115-001-001,2019-20,Mainland Rural,30120.277216180075
0115-001-002,2019-20,Mainland Rural,19534.51911684101
0118-001-001,2019-20,Mainland Rural,22417.348749037348
0119-001-001,2019-20,Mainland Rural,45354.045348532316
0119-001-002,2019-20,Mainland Rural,20970.52240323853
0120-001-001,2019-20,Mainland Rural,44312.84105753783
0121-002-001,2019-20,Mainland Rural,47268.98344580037
0121-004-001,2019-20,Mainland Rural,32218.151451227208
0122-001-001,2019-20,Mainland Rural,22258.041101248516
0122-001-003,2019-20,Mainland Rural,183316.4957083636
0123-001-001,2019-20,Mainland Other Urban,41527.80648106035
0124-001-001,2019-20,Mainland Other Urban,30184.55927582693
0124-002-001,2019-20,Mainland Other Urban,27679.898261685787
0126-001-001,2019-20,Mainland Other Urban,70825.00756272921
0126-001-003,2019-20,Mainland Other Urban,36672.49840827763
0127-001-001,2019-20,Mainland Other Urban,96446.3777000604
0127-003-001,2019-20,Mainland Rural,34209.6546315174
0127-005-001,2019-20,Mainland Other Urban,14246.57557736404
0128-001-001,2019-20,Mainland Other Urban,35423.193094142254
0129-001-001,2019-20,Mainland Other Urban,37603.218254173145
0129-004-003,2019-20,Mainland Other Urban,58263.88154967106
0129-004-004,2019-20,Mainland Other Urban,12561.287295225104
0131-001-002,2019-20,Mainland Rural,54530.273934773075
0134-001-001,2019-20,Mainland Rural,26475.379060030125
0134-006-001,2019-20,Dar Es Salaam,30802.592356942707
0136-001-001,2019-20,Mainland Rural,16299.697263926359
0137-001-001,2019-20,Mainland Rural,24266.561754807375
0137-003-001,2019-20,Mainland Rural,65256.56247256839
0138-002-001,2019-20,Mainland Rural,19358.735011543755
0139-001-001,2019-20,Mainland Rural,47560.012555957896
0140-002-001,2019-20,Mainland Rural,18849.831701431158
0142-001-001,2019-20,Mainland Rural,19062.23619591149
0142-002-002,2019-20,Mainland Rural,24401.846944347202
0142-006-001,2019-20,Mainland Rural,20085.192683285935
0142-006-002,2019-20,Mainland Rural,32788.491244174096
0143-001-001,2019-20,Mainland Rural,32007.395875847535
0144-001-001,2019-20,Mainland Other Urban,59421.686857798784
0146-001-001,2019-20,Mainland Other Urban,78775.7197926274
0146-001-003,2019-20,Mainland Other Urban,18439.20616501453
0146-001-007,2019-20,Mainland Other Urban,44769.76346701415
0147-001-001,2019-20,Mainland Other Urban,40773.64932306504
0148-001-001,2019-20,Mainland Rural,26485.208612704755
0149-001-002,2019-20,Mainland Other Urban,107228.37965780376
0149-001-009,2019-20,Mainland Other Urban,40633.85442569106
0151-001-001,2019-20,Mainland Other Urban,37664.8281957447
0152-001-002,2019-20,Dar Es Salaam,14908.284344262265
0153-001-001,2019-20,Mainland Other Urban,68200.40147124487
0154-001-001,2019-20,Mainland Rural,43030.46883616179
0155-001-001,2019-20,Mainland Other Urban,31538.10417114394
0155-001-003,2019-20,Mainland Rural,22856.383815507084
0155-001-005,2019-20,Mainland Other Urban,14732.009258321932
0157-001-001,2019-20,Mainland Other Urban,21303.867376387465
0158-001-003,2019-20,Mainland Other Urban,36501.79909138122
0159-001-002,2019-20,Mainland Other Urban,65941.45996566257
0159-001-003,2019-20,Mainland Other Urban,31788.977681454355
0160-001-001,2019-20,Mainland Other Urban,16434.38530197618
0160-002-001,2019-20,Mainland Other Urban,30451.035985589744
0161-001-001,2019-20,Mainland Other Urban,29671.55151822504
0162-001-001,2019-20,Mainland Other Urban,25873.80994695915
0163-001-001,2019-20,Mainland Other Urban,27907.82639772678
0163-001-002,2019-20,Mainland Rural,24380.10743104903
0164-001-001,2019-20,Mainland Other Urban,17956.445263723297
0166-001-001,2019-20,Mainland Other Urban,33468.16959907621
0167-001-001,2019-20,Mainland Other Urban,27325.64810181262
0168-002-001,2019-20,Dar Es Salaam,49623.93493857229
0168-002-002,2019-20,Dar Es Salaam,36506.63813954234
0170-001-001,2019-20,Dar Es Salaam,30165.586719553925
0173-001-001,2019-20,Dar Es Salaam,45383.833599578815
0173-003-001,2019-20,Mainland Rural,17870.90051012575
0174-002-001,2019-20,Dar Es Salaam,24440.021787053152
0174-002-003,2019-20,Mainland Rural,43443.674198562636
0175-001-002,2019-20,Dar Es Salaam,13855.328157357359
0175-003-001,2019-20,Dar Es Salaam,54748.42513229558
0175-007-001,2019-20,Dar Es Salaam,71629.3727345977
0175-008-002,2019-20,Dar Es Salaam,46720.59142682415
0175-008-003,2019-20,Dar Es Salaam,34109.814074453054
0175-014-001,2019-20,Dar Es Salaam,33167.16987574727
0175-014-003,2019-20,Dar Es Salaam,41054.89332733378
0177-001-001,2019-20,Dar Es Salaam,44732.51744994162
0179-001-001,2019-20,Dar Es Salaam,22867.775597691572
0179-001-003,2019-20,Dar Es Salaam,27915.111930619532
0180-001-001,2019-20,Dar Es Salaam,75990.70440552282
0180-001-007,2019-20,Mainland Rural,38860.523748188614
0181-001-001,2019-20,Mainland Rural,43567.07959112421
0183-002-001,2019-20,Mainland Other Urban,23375.943377067517
0183-002-003,2019-20,Mainland Rural,18572.82755997429
0184-001-001,2019-20,Dar Es Salaam,51050.27851548769
0185-001-002,2019-20,Dar Es Salaam,20254.121751509785
0186-001-001,2019-20,Dar Es Salaam,25008.965588379728
0186-001-005,2019-20,Dar Es Salaam,25501.201943599543
0186-004-001,2019-20,Dar Es Salaam,25424.23178531978
0187-001-001,2019-20,Dar Es Salaam,33534.63128880263
0187-001-003,2019-20,Dar Es Salaam,23639.776775874965
0188-001-001,2019-20,Mainland Rural,39020.63518241983
0189-001-001,2019-20,Dar Es Salaam,43925.43751324895
0192-001-002,2019-20,Dar Es Salaam,62327.893498589954
0193-001-001,2019-20,Dar Es Salaam,18331.50978197323
0194-001-001,2019-20,Dar Es Salaam,41659.44583772516
0194-007-002,2019-20,Dar Es Salaam,20347.972651998232
0195-001-001,2019-20,Dar Es Salaam,44556.32088613727
0195-001-003,2019-20,Dar Es Salaam,28655.294580852926
0195-006-001,2019-20,Dar Es Salaam,38617.44048367496
0196-001-001,2019-20,Dar Es Salaam,29346.12158390291
0197-001-001,2019-20,Mainland Rural,25986.95691584344
0198-001-001,2019-20,Dar Es Salaam,41751.70436872697
0199-001-001,2019-20,Mainland Rural,28902.157630667592
0199-001-002,2019-20,Dar Es Salaam,72550.08869442041
0199-008-001,2019-20,Mainland Rural,24176.305654981246
0199-008-003,2019-20,Mainland Rural,30852.461477525016
0200-001-001,2019-20,Dar Es Salaam,49274.15718796471
0201-001-001,2019-20,Dar Es Salaam,24287.341369456597
0202-002-001,2019-20,Dar Es Salaam,38348.77918917899
0203-001-001,2019-20,Dar Es Salaam,46875.26224135346
0203-001-002,2019-20,Dar Es Salaam,19057.13614474952
0204-001-001,2019-20,Dar Es Salaam,69547.86406527396
0204-001-009,2019-20,Mainland Other Urban,20241.696345814333
0204-008-001,2019-20,Dar Es Salaam,25959.511121939406
0205-001-001,2019-20,Dar Es Salaam,34814.8009276079
0208-004-001,2019-20,Mainland Rural,16718.483409032786
0210-002-002,2019-20,Mainland Other Urban,18306.858212577637
0211-001-001,2019-20,Dar Es Salaam,36105.41834198267
0211-006-001,2019-20,Dar Es Salaam,37570.28814406435
0212-001-001,2019-20,Dar Es Salaam,27874.717750616102
0214-001-001,2019-20,Mainland Other Urban,81930.15893176175
0215-001-001,2019-20,Mainland Rural,34720.42017313449
0216-001-001,2019-20,Dar Es Salaam,50766.04352824807
0216-006-001,2019-20,Dar Es Salaam,27148.36430067078
0217-002-001,2019-20,Mainland Other Urban,37722.336642478294
0218-001-001,2019-20,Mainland Other Urban,27776.509008268444
0218-001-002,2019-20,Mainland Rural,24358.333683820663
0218-001-003,2019-20,Dar Es Salaam,53350.532070117086
0219-001-001,2019-20,Mainland Other Urban,50994.147152262696
0219-005-001,2019-20,Mainland Other Urban,28256.27523326043
0220-001-001,2019-20,Dar Es Salaam,45916.49256421783
0220-001-003,2019-20,Dar Es Salaam,23330.65848760433
0220-001-006,2019-20,Dar Es Salaam,27804.180924208817
0220-001-007,2019-20,Dar Es Salaam,44298.03726919324
0220-001-008,2019-20,Dar Es Salaam,21929.115008410467
0222-001-001,2019-20,Dar Es Salaam,54033.86102287671
0223-001-001,2019-20,Mainland Rural,23056.07194019464
0224-001-001,2019-20,Mainland Rural,27948.678561886805
0225-001-001,2019-20,Dar Es Salaam,37356.60125084843
0225-001-003,2019-20,Dar Es Salaam,34844.07852559648
0226-001-001,2019-20,Dar Es Salaam,53412.359277702555
0228-001-003,2019-20,Dar Es Salaam,25683.366466683456
0228-001-004,2019-20,Dar Es Salaam,18085.88575141976
0228-001-005,2019-20,Dar Es Salaam,33815.113729966055
0230-001-001,2019-20,Dar Es Salaam,60212.37391610884
0231-001-001,2019-20,Dar Es Salaam,41488.18453341555
0232-001-001,2019-20,Dar Es Salaam,29866.96997799165
0232-001-002,2019-20,Dar Es Salaam,34110.06950399675
0233-001-001,2019-20,Dar Es Salaam,30966.86299821466
0235-001-002,2019-20,Dar Es Salaam,21993.417461652352
0236-005-001,2019-20,Mainland Other Urban,37670.24341020247
0238-001-001,2019-20,Dar Es Salaam,15481.495773031404
0239-001-001,2019-20,Dar Es Salaam,44965.233249606856
0239-001-004,2019-20,Mainland Rural,20678.03242677833
0239-106-001,2019-20,Dar Es Salaam,27112.985256360123
0241-001-001,2019-20,Dar Es Salaam,56366.60888336682
0242-001-001,2019-20,Dar Es Salaam,55221.13553390914
0243-001-001,2019-20,Mainland Rural,15783.10661960586
0244-001-001,2019-20,Dar Es Salaam,52077.10893957858
0247-001-001,2019-20,Dar Es Salaam,52488.5508091135
0249-001-001,2019-20,Mainland Rural,78507.76844373759
0251-001-001,2019-20,Mainland Other Urban,54564.32181986535
0252-001-001,2019-20,Dar Es Salaam,39913.61881293891
0253-001-001,2019-20,Dar Es Salaam,34267.604242006244
0254-001-001,2019-20,Dar Es Salaam,40180.87088992977
0255-001-001,2019-20,Dar Es Salaam,46674.313196931
0255-001-009,2019-20,Mainland Rural,27447.869797938827
0257-001-001,2019-20,Dar Es Salaam,40183.57097197019
0259-001-001,2019-20,Dar Es Salaam,21873.497006401692
0259-004-001,2019-20,Dar Es Salaam,21699.0034524327
0260-001-001,2019-20,Mainland Rural,26178.251025794674
0261-001-001,2019-20,Dar Es Salaam,31470.759652981495
0261-001-002,2019-20,Dar Es Salaam,30412.34582381441
0263-001-001,2019-20,Dar Es Salaam,99636.63975618663
0263-001-004,2019-20,Mainland Rural,47171.276884926614
0263-001-006,2019-20,Mainland Rural,32404.10468894492
0264-001-001,2019-20,Dar Es Salaam,30686.706391587442
0265-001-001,2019-20,Mainland Other Urban,19499.59919139089
0266-001-001,2019-20,Mainland Other Urban,29195.882355469003
0267-001-001,2019-20,Mainland Rural,33057.13842742793
0267-001-003,2019-20,Mainland Rural,39096.42395910098
0267-001-006,2019-20,Dar Es Salaam,59859.04753656547
0268-001-002,2019-20,Mainland Rural,32581.013756104323
0269-001-001,2019-20,Mainland Rural,30369.96253391308
0270-002-001,2019-20,Dar Es Salaam,44455.47960213008
0271-002-001,2019-20,Dar Es Salaam,40339.35831300267
0272-001-001,2019-20,Dar Es Salaam,49481.929469839175
0273-001-001,2019-20,Dar Es Salaam,42032.530881755876
0273-005-001,2019-20,Dar Es Salaam,24720.216029400748
0274-001-001,2019-20,Dar Es Salaam,19865.893970316072
0275-001-002,2019-20,Mainland Rural,99237.06472678174
0277-001-001,2019-20,Dar Es Salaam,42799.56774138386
0277-008-001,2019-20,Dar Es Salaam,18695.78826655236
0278-001-001,2019-20,Dar Es Salaam,32546.489412123672
0279-002-001,2019-20,Dar Es Salaam,28679.8649569505
0279-002-002,2019-20,Dar Es Salaam,35774.47227699422
0280-001-001,2019-20,Dar Es Salaam,47228.23519211289
0280-001-003,2019-20,Dar Es Salaam,27300.747791388018
0280-001-004,2019-20,Dar Es Salaam,30033.433915030455
0283-001-001,2019-20,Dar Es Salaam,19804.266487162728
0283-003-001,2019-20,Dar Es Salaam,35304.63619692007
0283-003-002,2019-20,Dar Es Salaam,22486.64620458239
0284-001-001,2019-20,Dar Es Salaam,23424.187764463786
0287-001-001,2019-20,Dar Es Salaam,29426.530564315915
0288-001-001,2019-20,Dar Es Salaam,29913.50028356105
0291-001-001,2019-20,Dar Es Salaam,25775.77028845229
0291-001-005,2019-20,Dar Es Salaam,16491.48888529699
0292-001-001,2019-20,Mainland Rural,41092.60230267603
0294-001-001,2019-20,Dar Es Salaam,28763.20833153278
0295-001-001,2019-20,Mainland Rural,27677.510673126206
0296-001-002,2019-20,Mainland Rural,17403.336628163644
0298-006-001,2019-20,Dar Es Salaam,62748.040542669594
0298-006-004,2019-20,Mainland Other Urban,27291.14707330002
0298-006-006,2019-20,Mainland Other Urban,36386.86649773567
0298-006-007,2019-20,Mainland Other Urban,24112.422065957315
0299-001-001,2019-20,Mainland Rural,26999.50450313263
0300-001-001,2019-20,Mainland Rural,63997.50056257835
0300-001-002,2019-20,Mainland Rural,34833.71505532331
0301-001-001,2019-20,Mainland Rural,36502.33013907777
0302-001-001,2019-20,Mainland Rural,59847.48217599023
0303-001-001,2019-20,Mainland Rural,22350.523137495828
0304-001-001,2019-20,Mainland Rural,53483.29782600724
0305-001-001,2019-20,Dar Es Salaam,32370.512444115146
0306-001-001,2019-20,Mainland Rural,30101.08494215488
0307-001-001,2019-20,Mainland Rural,31386.9004140071
0308-001-001,2019-20,Mainland Rural,36951.814270596165
0309-001-001,2019-20,Mainland Rural,34354.17397285358
0310-001-001,2019-20,Mainland Rural,16532.38572405674
0311-002-001,2019-20,Mainland Other Urban,30063.493100892076
0312-001-001,2019-20,Mainland Rural,20297.64025831001
0312-002-001,2019-20,Mainland Rural,19591.101517734653
0313-001-001,2019-20,Mainland Rural,38724.92194373743
0314-001-001,2019-20,Mainland Rural,40851.33878806317
0314-001-005,2019-20,Mainland Rural,37133.64771334384
0315-001-001,2019-20,Mainland Other Urban,25740.611869764867
0315-001-006,2019-20,Mainland Other Urban,26955.80621830761
0316-001-001,2019-20,Mainland Other Urban,61525.55828225784
0317-002-001,2019-20,Mainland Other Urban,24669.442316388206
0318-001-001,2019-20,Mainland Other Urban,37780.34868495254
0319-001-001,2019-20,Mainland Other Urban,34591.28362345129
0319-002-001,2019-20,Mainland Other Urban,21981.486658441234
0320-001-001,2019-20,Mainland Other Urban,22801.341619185507
0321-001-001,2019-20,Mainland Rural,32540.191449256847
0322-001-001,2019-20,Mainland Rural,26030.08732311647
0322-006-001,2019-20,Mainland Other Urban,47866.07018699015
0323-001-001,2019-20,Mainland Other Urban,29938.431120175224
0324-001-001,2019-20,Mainland Other Urban,38582.36582690854
0325-002-001,2019-20,Mainland Rural,37579.887238354415
0326-001-001,2019-20,Mainland Other Urban,26690.43467123034
0327-001-001,2019-20,Mainland Rural,30631.76250087164
0328-001-001,2019-20,Mainland Other Urban,32477.93632401877
0330-001-001,2019-20,Mainland Rural,46881.04296964702
0331-001-001,2019-20,Mainland Rural,26144.61914608076
0332-004-001,2019-20,Mainland Rural,34732.03738075592
0335-001-001,2019-20,Mainland Rural,39720.75620813858
0337-001-001,2019-20,Mainland Other Urban,31135.826278440545
0337-003-001,2019-20,Mainland Rural,23716.07571882362
0338-001-001,2019-20,Mainland Rural,23074.38765786675
0339-001-001,2019-20,Mainland Other Urban,22734.28409639624
0340-001-001,2019-20,Mainland Rural,35662.0583325894
0341-001-001,2019-20,Mainland Rural,24604.187739995807
0342-001-001,2019-20,Mainland Rural,37954.75788950916
0342-001-002,2019-20,Mainland Rural,20996.090535601714
0343-001-001,2019-20,Mainland Other Urban,24959.223158900382
0343-005-001,2019-20,Dar Es Salaam,66571.7679349092
0344-001-001,2019-20,Dar Es Salaam,45225.432461572396
0346-001-001,2019-20,Mainland Other Urban,25294.104853944682
0347-001-001,2019-20,Mainland Rural,42944.61458196497
0348-001-001,2019-20,Mainland Rural,34323.32484607019
0348-001-005,2019-20,Mainland Rural,34046.757358886294
0349-001-001,2019-20,Mainland Rural,26684.442733869448
0350-001-001,2019-20,Mainland Other Urban,21790.771603219408
0352-001-001,2019-20,Mainland Rural,27695.218935123423
0353-001-001,2019-20,Mainland Rural,21100.11962676757
0354-001-001,2019-20,Mainland Rural,32243.94271748819
0356-001-001,2019-20,Mainland Rural,28457.840690039746
0357-003-001,2019-20,Mainland Rural,31749.918023170936
0358-001-001,2019-20,Mainland Rural,19044.864672352644
0359-001-001,2019-20,Mainland Other Urban,40342.15498636177
0360-001-001,2019-20,Mainland Other Urban,40254.065111168544
0362-001-001,2019-20,Mainland Rural,29536.030264819794
0363-001-001,2019-20,Dar Es Salaam,53395.176060579455
0363-003-001,2019-20,Mainland Rural,29557.028146400113
0364-001-001,2019-20,Mainland Rural,28334.697391525322
0366-001-001,2019-20,Mainland Other Urban,26555.066330607646
0367-001-001,2019-20,Mainland Other Urban,30617.34858408078
0368-001-001,2019-20,Mainland Other Urban,47944.38979697486
0369-001-001,2019-20,Mainland Other Urban,53900.767437423056
0369-001-010,2019-20,Mainland Other Urban,25781.82137323942
0370-001-001,2019-20,Mainland Rural,26374.3976093375
0370-002-001,2019-20,Dar Es Salaam,39732.279003792086
0371-001-001,2019-20,Mainland Other Urban,21763.05005485734
0372-001-001,2019-20,Dar Es Salaam,30030.7880088239
0372-004-002,2019-20,Mainland Rural,19270.478802008038
0373-001-001,2019-20,Mainland Other Urban,55930.26777860162
0374-001-001,2019-20,Mainland Other Urban,36586.82973520896
0375-001-001,2019-20,Mainland Other Urban,18726.771785450095
0375-001-004,2019-20,Dar Es Salaam,30986.340605549005
0376-001-001,2019-20,Mainland Rural,35634.89968573442
0377-001-002,2019-20,Mainland Other Urban,26606.00164985178
0378-003-001,2019-20,Mainland Rural,64724.10285016591
0379-001-001,2019-20,Dar Es Salaam,38972.82732581837
0380-001-001,2019-20,Dar Es Salaam,56868.37834212473
0381-001-002,2019-20,Mainland Rural,21424.320970410692
0381-002-001,2019-20,Dar Es Salaam,31735.597500541437
0382-001-001,2019-20,Mainland Other Urban,44357.103686118084
0382-003-001,2019-20,Mainland Other Urban,16789.89367767051
0383-002-001,2019-20,Mainland Other Urban,33754.193021460276
0385-001-001,2019-20,Mainland Other Urban,44548.45605602514
0385-001-002,2019-20,Zanzibar,21157.78396372343
0386-001-001,2019-20,Mainland Rural,26060.654497301206
0387-001-001,2019-20,Mainland Rural,32334.35473725853
0388-001-001,2019-20,Mainland Other Urban,25810.01626079302
0388-005-001,2019-20,Mainland Other Urban,27508.807078826532
0389-001-001,2019-20,Mainland Rural,23615.40149831632
0389-001-002,2019-20,Mainland Rural,18614.914938646234
0390-001-001,2019-20,Mainland Rural,26621.57557446041
0391-001-001,2019-20,Mainland Rural,48527.69955755156
0391-005-001,2019-20,Mainland Other Urban,22966.707200372497
0392-001-002,2019-20,Mainland Rural,33130.42927595959
0393-001-001,2019-20,Mainland Rural,40782.681361552066
0393-002-001,2019-20,Mainland Rural,23892.519127783962
0394-001-001,2019-20,Mainland Rural,36910.53639114353
0395-001-001,2019-20,Mainland Rural,33749.9535798584
0395-001-006,2019-20,Mainland Rural,34167.720661577616
0396-001-001,2019-20,Mainland Rural,26085.849180037934
0396-102-001,2019-20,Dar Es Salaam,14235.034254856128
0397-001-001,2019-20,Mainland Rural,34484.725725763376
0398-001-001,2019-20,Mainland Other Urban,23949.428727927327
0398-001-002,2019-20,Mainland Other Urban,32356.7547327968
0398-001-003,2019-20,Mainland Other Urban,34667.58073154918
0398-001-005,2019-20,Mainland Rural,67083.08794886452
0399-001-001,2019-20,Mainland Other Urban,111142.38672551652
0400-001-001,2019-20,Mainland Other Urban,31686.110019289594
0401-001-001,2019-20,Mainland Rural,36031.247390524484
0402-001-002,2019-20,Mainland Other Urban,19879.51839934934
0402-001-003,2019-20,Mainland Rural,30975.330617654035
0403-001-001,2019-20,Mainland Rural,37384.00702799507
0404-001-001,2019-20,Mainland Rural,22833.69539714839
0405-001-001,2019-20,Mainland Rural,32905.82036139687
0405-003-001,2019-20,Mainland Rural,18154.249888204966
0406-001-001,2019-20,Mainland Rural,38319.03185065621
0407-001-001,2019-20,Mainland Rural,36129.32968760054
0408-001-001,2019-20,Mainland Rural,30905.71449345057
0409-001-001,2019-20,Mainland Rural,48062.47113528135
0411-001-001,2019-20,Mainland Rural,42873.201864572766
0412-001-001,2019-20,Mainland Rural,24729.90969168461
0414-001-001,2019-20,Mainland Rural,30296.4526143643
0415-002-001,2019-20,Mainland Rural,22107.87617736194
0416-001-001,2019-20,Mainland Rural,46221.36476955888
0418-001-001,2019-20,Mainland Rural,41206.53090439392
0419-001-001,2019-20,Mainland Rural,48826.83030457344
0420-001-001,2019-20,Mainland Rural,33323.138817216444
0420-001-003,2019-20,Mainland Rural,92033.05941401397
0421-001-001,2019-20,Mainland Rural,56315.04303427839
0421-001-002,2019-20,Mainland Rural,32521.13292519785
0422-001-001,2019-20,Mainland Other Urban,41037.85614875714
0422-106-001,2019-20,Mainland Rural,56713.04061944131
0424-001-001,2019-20,Mainland Rural,49776.4476610794
0425-001-001,2019-20,Mainland Rural,22441.465942657967
0426-001-001,2019-20,Mainland Rural,43189.11000806298
0427-001-001,2019-20,Mainland Rural,88885.1635896176
0428-001-001,2019-20,Mainland Other Urban,51466.594562846985
0428-001-007,2019-20,Mainland Other Urban,37313.83369783141
0430-002-001,2019-20,Mainland Rural,41722.41721089847
0431-001-001,2019-20,Mainland Rural,40244.43277194966
0432-001-001,2019-20,Mainland Rural,64316.29799520891
0435-001-001,2019-20,Mainland Rural,18394.84679612262
0436-001-001,2019-20,Mainland Rural,33509.239104065804
0436-002-001,2019-20,Mainland Rural,35313.282349160676
0437-001-001,2019-20,Mainland Rural,25038.963467887483
0438-001-002,2019-20,Mainland Rural,43189.4334356131
0438-002-001,2019-20,Mainland Rural,23717.21129975925
0439-001-001,2019-20,Mainland Rural,46903.5956099602
0440-002-001,2019-20,Mainland Rural,33292.12577990805
0440-003-001,2019-20,Mainland Rural,17038.38633540598
0440-003-002,2019-20,Mainland Rural,26195.605973038655
0441-001-001,2019-20,Mainland Rural,28105.68998345167
0443-001-001,2019-20,Mainland Rural,24715.760145641325
0443-003-002,2019-20,Mainland Rural,24457.586214821706
0443-004-001,2019-20,Mainland Rural,24325.511399424973
0444-001-001,2019-20,Mainland Rural,35532.95365626656
0444-002-001,2019-20,Mainland Rural,23652.10829521578
0445-001-002,2019-20,Mainland Rural,49061.05051820546
0447-001-001,2019-20,Mainland Other Urban,21513.245113042314
0448-002-002,2019-20,Mainland Other Urban,15545.513228825026
0448-002-003,2019-20,Mainland Other Urban,27503.038100289403
0448-003-002,2019-20,Mainland Other Urban,28598.54718252028
0448-004-001,2019-20,Mainland Other Urban,34948.93738812602
0448-007-001,2019-20,Mainland Other Urban,40800.17722885182
0449-001-001,2019-20,Mainland Other Urban,34501.968619640575
0449-001-003,2019-20,Mainland Other Urban,27849.33456873489
0451-001-001,2019-20,Mainland Rural,21496.267120756253
0452-001-001,2019-20,Mainland Other Urban,30613.51658966227
0454-002-002,2019-20,Mainland Other Urban,33441.47283856338
0454-003-001,2019-20,Mainland Other Urban,32578.10222594213
0455-001-001,2019-20,Mainland Other Urban,65935.46474415477
0456-001-001,2019-20,Mainland Other Urban,31917.890384279024
0457-001-001,2019-20,Mainland Other Urban,47993.25923617401
0459-001-001,2019-20,Mainland Other Urban,37622.13709129357
0460-001-001,2019-20,Dar Es Salaam,55894.080592773294
0461-001-001,2019-20,Mainland Other Urban,55356.94427138031
0462-001-001,2019-20,Mainland Rural,30499.7701096609
0463-001-001,2019-20,Mainland Other Urban,42584.97773841068
0463-001-005,2019-20,Dar Es Salaam,15454.572873503605
0463-001-008,2019-20,Dar Es Salaam,33567.102674605754
0463-001-010,2019-20,Mainland Other Urban,28946.905261291773
0464-001-001,2019-20,Dar Es Salaam,32256.060035926686
0465-001-001,2019-20,Mainland Rural,31434.632592535723
0466-001-001,2019-20,Mainland Other Urban,82037.59244742453
0467-001-002,2019-20,Mainland Other Urban,43271.99432927935
0467-001-003,2019-20,Mainland Other Urban,24527.066042837956
0468-001-001,2019-20,Mainland Other Urban,31735.278955188303
0469-001-001,2019-20,Mainland Other Urban,48515.007680758856
0469-001-003,2019-20,Mainland Rural,28290.741517836665
0469-001-004,2019-20,Mainland Other Urban,33991.02138218629
0470-001-001,2019-20,Mainland Other Urban,42348.07576253362
0471-001-001,2019-20,Mainland Rural,35088.400204794045
0472-001-001,2019-20,Mainland Rural,30992.549801598292
0473-001-001,2019-20,Mainland Rural,27090.466140442328
0474-001-001,2019-20,Mainland Rural,52215.08584669557
0475-001-002,2019-20,Mainland Other Urban,18455.870857607282
0476-001-001,2019-20,Mainland Rural,18585.296555282945
0477-001-001,2019-20,Mainland Rural,44953.05397731557
0478-001-001,2019-20,Mainland Rural,33749.41723148116
0479-001-001,2019-20,Mainland Rural,24576.639249914144
0481-001-001,2019-20,Mainland Rural,31143.04363998161
0483-001-001,2019-20,Mainland Rural,25952.54314838134
0484-001-001,2019-20,Mainland Rural,30591.564575282304
0485-001-002,2019-20,Mainland Rural,21347.238601469093
0486-001-001,2019-20,Mainland Rural,20424.65054933214
0486-001-002,2019-20,Mainland Rural,28999.749690577264
0487-001-001,2019-20,Mainland Rural,25681.69323733274
0488-002-001,2019-20,Mainland Rural,28654.25510548927
0489-001-001,2019-20,Mainland Rural,69264.47122786267
0490-001-001,2019-20,Mainland Rural,20428.84725301848
0491-001-001,2019-20,Mainland Rural,17112.797683184173
0491-001-002,2019-20,Mainland Rural,20136.125461182888
0491-001-003,2019-20,Mainland Rural,26290.014555505877
0491-001-004,2019-20,Mainland Other Urban,21577.69590230719
0491-002-001,2019-20,Mainland Rural,28934.748839844036
0491-003-001,2019-20,Mainland Rural,29851.181179943203
0491-004-001,2019-20,Mainland Rural,25666.56253216882
0492-001-001,2019-20,Mainland Rural,25086.753834220766
0493-001-001,2019-20,Mainland Other Urban,35928.038986694264
0494-001-001,2019-20,Mainland Other Urban,38847.54702228401
0494-105-001,2019-20,Mainland Rural,25665.677153081288
0495-001-001,2019-20,Mainland Other Urban,35207.763371991205
0496-001-002,2019-20,Mainland Other Urban,24520.974788371128
0497-001-001,2019-20,Mainland Other Urban,39414.67087863468
0497-001-003,2019-20,Mainland Rural,19009.046051710553
0498-001-001,2019-20,Mainland Other Urban,42424.84803342138
0498-001-006,2019-20,Mainland Rural,90554.95496314895
0498-004-001,2019-20,Mainland Other Urban,31736.00039499904
0499-001-001,2019-20,Mainland Rural,39016.324053355864
0499-001-004,2019-20,Mainland Rural,51675.74524325327
0499-004-002,2019-20,Mainland Rural,39338.31773694991
0501-001-001,2019-20,Mainland Rural,29983.833092018216
0502-004-001,2019-20,Mainland Other Urban,18060.632221240154
0503-001-001,2019-20,Mainland Rural,22882.793360263702
0504-008-001,2019-20,Mainland Rural,44932.43316250413
0505-001-001,2019-20,Mainland Other Urban,27244.775388532576
0505-001-002,2019-20,Mainland Rural,23120.07659091317
0506-001-001,2019-20,Mainland Rural,48016.415907845425
0506-003-001,2019-20,Mainland Rural,34062.88574627849
0508-001-001,2019-20,Mainland Rural,26210.007747272608
0510-001-001,2019-20,Mainland Rural,55121.006258110596
0510-003-001,2019-20,Mainland Rural,24242.514198925684
0511-001-001,2019-20,Mainland Other Urban,37812.827229624105
0512-001-001,2019-20,Mainland Rural,22844.161193077216
0513-001-001,2019-20,Mainland Rural,65755.0511462973
0514-001-001,2019-20,Mainland Rural,37515.36019676789
0515-001-001,2019-20,Mainland Rural,30488.104463324853
0515-003-001,2019-20,Mainland Rural,32676.321170736792
0516-001-001,2019-20,Mainland Other Urban,26837.75935116088
0517-001-001,2019-20,Mainland Other Urban,41805.93192978033
0518-001-001,2019-20,Mainland Rural,34070.48005102333
0519-001-002,2019-20,Mainland Other Urban,24583.35652162879
0521-001-001,2019-20,Mainland Rural,88066.36298125765
0521-001-003,2019-20,Mainland Rural,47661.04709462543
0521-001-011,2019-20,Mainland Rural,15947.147776045998
0522-001-001,2019-20,Mainland Rural,46099.579237821854
0525-001-001,2019-20,Mainland Rural,60259.73535739133
0525-003-001,2019-20,Mainland Rural,27204.736140244902
0525-003-004,2019-20,Mainland Rural,27825.257389647435
0525-004-001,2019-20,Mainland Rural,38480.258474300565
0525-005-001,2019-20,Mainland Rural,29990.697213173222
0525-005-003,2019-20,Mainland Rural,31756.946055624612
0526-001-001,2019-20,Mainland Rural,20844.62344899335
0528-001-001,2019-20,Mainland Rural,40302.72097170026
0528-001-002,2019-20,Mainland Rural,11728.206991940207
0528-001-003,2019-20,Mainland Rural,32653.598295457028
0528-001-005,2019-20,Mainland Rural,26163.067871540505
0529-001-001,2019-20,Mainland Rural,428919.6967376384
0529-001-003,2019-20,Mainland Rural,34907.40769901986
0529-001-009,2019-20,Mainland Rural,25213.158808706103
0530-001-001,2019-20,Mainland Rural,52149.85880810304
0530-001-003,2019-20,Mainland Rural,106270.0504589271
0531-001-001,2019-20,Mainland Rural,90815.3238100301
0532-001-001,2019-20,Mainland Other Urban,55034.59376198398
0534-001-001,2019-20,Mainland Rural,37689.2414799585
0534-001-003,2019-20,Mainland Rural,29010.358337435227
0535-001-001,2019-20,Mainland Rural,57296.521012811725
0535-006-001,2019-20,Mainland Rural,25887.815684738835
0536-001-001,2019-20,Mainland Rural,39824.58016283203
0537-001-001,2019-20,Mainland Rural,12480.817031898154
0539-001-001,2019-20,Mainland Rural,24615.768532618004
0540-001-001,2019-20,Mainland Other Urban,53156.47038757288
0541-001-001,2019-20,Dar Es Salaam,37471.68389205263
0542-001-002,2019-20,Mainland Rural,38199.27012384557
0543-001-001,2019-20,Mainland Rural,47970.396603639194
0544-001-001,2019-20,Mainland Other Urban,36662.971219021165
0545-006-001,2019-20,Dar Es Salaam,24817.930875971608
0545-006-003,2019-20,Dar Es Salaam,54126.01024164065
0545-008-001,2019-20,Dar Es Salaam,37395.11753730772
0547-001-001,2019-20,Mainland Other Urban,21738.276503696827
0547-001-002,2019-20,Mainland Other Urban,34476.033478302445
0548-001-001,2019-20,Mainland Other Urban,57839.33761411529
0548-002-001,2019-20,Mainland Other Urban,41021.87394772652
0548-002-002,2019-20,Mainland Other Urban,22682.900206824455
0549-001-001,2019-20,Mainland Other Urban,41453.74232500496
0549-001-002,2019-20,Mainland Other Urban,16796.92937252053
0550-001-001,2019-20,Dar Es Salaam,37330.57770069915
0551-001-001,2019-20,Mainland Other Urban,34049.21404269577
0551-001-003,2019-20,Mainland Rural,11336.232084649426
0551-001-006,2019-20,Mainland Rural,13883.580687566606
0552-001-001,2019-20,Dar Es Salaam,55720.19840929918
0553-001-001,2019-20,Dar Es Salaam,33672.1515833656
0554-001-001,2019-20,Mainland Other Urban,43343.383664342706
0554-003-001,2019-20,Mainland Other Urban,21588.97527906977
0555-001-001,2019-20,Mainland Other Urban,20151.792783284407
0557-001-001,2019-20,Mainland Other Urban,48919.271958835416
0559-001-001,2019-20,Mainland Other Urban,54240.95760534552
0565-001-001,2019-20,Mainland Rural,48022.39350055987
0565-003-001,2019-20,Mainland Other Urban,52003.849498475756
0565-004-001,2019-20,Mainland Rural,46185.2945309808
0565-005-001,2019-20,Mainland Other Urban,41986.48289146743
0566-001-001,2019-20,Mainland Rural,52152.702743898735
0567-001-001,2019-20,Mainland Other Urban,46190.23832524263
0568-001-001,2019-20,Mainland Other Urban,26338.892417004343
0569-001-001,2019-20,Mainland Rural,51310.85489994821
0570-001-001,2019-20,Mainland Other Urban,36886.13624092978
0571-001-001,2019-20,Mainland Other Urban,53901.5760320733
0571-104-001,2019-20,Mainland Rural,28518.631254762375
0572-001-003,2019-20,Mainland Other Urban,64280.29997082824
0573-001-001,2019-20,Mainland Rural,79588.99185319696
0573-001-003,2019-20,Mainland Other Urban,26570.153006896046
0573-001-006,2019-20,Mainland Other Urban,25696.525418528407
0573-003-001,2019-20,Mainland Other Urban,83049.83557378424
0573-003-004,2019-20,Mainland Rural,354755.41506511404
0573-003-005,2019-20,Mainland Rural,32400.91515262142
0573-003-013,2019-20,Mainland Rural,125270.85694737468
0573-006-001,2019-20,Mainland Rural,85205.24325628317
0573-006-003,2019-20,Mainland Rural,36286.545960266325
0573-006-009,2019-20,Mainland Other Urban,18263.62860594273
0574-001-001,2019-20,Mainland Other Urban,42978.45646991784
0575-001-001,2019-20,Mainland Rural,30716.957535394442
0576-001-001,2019-20,Mainland Other Urban,30013.105499005578
0576-001-002,2019-20,Mainland Other Urban,27214.511304445237
0577-001-002,2019-20,Mainland Other Urban,15231.899090751895
0578-001-001,2019-20,Mainland Other Urban,30923.692347089967
0580-001-001,2019-20,Mainland Other Urban,52308.723466409494
0580-004-001,2019-20,Mainland Other Urban,28753.890678098916
0581-001-001,2019-20,Mainland Other Urban,50692.96573574359
0582-001-001,2019-20,Mainland Other Urban,19347.352743472762
0583-001-001,2019-20,Mainland Other Urban,43919.68523382875
0584-001-001,2019-20,Mainland Rural,74726.8990792984
0585-001-001,2019-20,Mainland Other Urban,56830.99032086829
0585-001-003,2019-20,Mainland Rural,19723.80270864509
0586-001-001,2019-20,Mainland Other Urban,24191.926036477274
0586-003-001,2019-20,Mainland Rural,24020.50101495514
0588-001-001,2019-20,Mainland Other Urban,43120.01936046956
0589-001-001,2019-20,Mainland Rural,44024.438165384054
0589-001-006,2019-20,Mainland Rural,43417.908449408234
0589-007-001,2019-20,Dar Es Salaam,39875.42097161951
0589-007-003,2019-20,Mainland Rural,26592.81191315311
0589-008-001,2019-20,Mainland Rural,34834.78070647852
0590-001-002,2019-20,Dar Es Salaam,42709.47972228849
0591-001-001,2019-20,Mainland Rural,35409.82423532475
0592-001-001,2019-20,Mainland Rural,31016.837349366775
0593-001-001,2019-20,Mainland Rural,23033.492056266146
0593-002-001,2019-20,Mainland Other Urban,32658.014785093816
0593-005-001,2019-20,Mainland Other Urban,51889.44621101512
0593-005-008,2019-20,Mainland Rural,32486.001772319225
0595-001-001,2019-20,Mainland Rural,27913.080000006812
0596-001-001,2019-20,Mainland Other Urban,38474.934943471875
0596-003-001,2019-20,Mainland Other Urban,25249.21215094389
0597-001-001,2019-20,Mainland Other Urban,32813.23293081514
0598-001-001,2019-20,Mainland Other Urban,27083.038107108157
0599-001-001,2019-20,Mainland Other Urban,41038.35412738669
0600-001-001,2019-20,Mainland Other Urban,42719.11134447047
0601-001-001,2019-20,Mainland Rural,28407.476988311097
0602-001-001,2019-20,Mainland Rural,28715.521125549225
0603-001-002,2019-20,Mainland Rural,14761.208579026248
0606-001-001,2019-20,Mainland Other Urban,31903.981776429566
0607-001-001,2019-20,Mainland Rural,70720.8888877975
0607-001-010,2019-20,Mainland Rural,24510.541186688828
0607-007-001,2019-20,Mainland Rural,101200.6210234804
0608-001-001,2019-20,Mainland Rural,110203.94210271002
0608-001-006,2019-20,Mainland Rural,29437.84204986212
0608-003-001,2019-20,Mainland Rural,28483.170754259278
0609-001-002,2019-20,Mainland Rural,14216.684298868717
0610-001-001,2019-20,Mainland Rural,40160.249248621854
0610-001-003,2019-20,Mainland Rural,64337.312368982384
0610-003-001,2019-20,Mainland Rural,81823.27458514688
0610-103-002,2019-20,Mainland Rural,323104.8200848125
0610-103-006,2019-20,Mainland Rural,30110.280236815153
0610-103-007,2019-20,Mainland Rural,82312.85731789118
0611-001-001,2019-20,Mainland Rural,43515.67837735465
0612-001-001,2019-20,Mainland Rural,111166.65023008549
0613-001-001,2019-20,Mainland Rural,47099.38167277412
0614-001-001,2019-20,Mainland Rural,48804.21007412391
0614-005-001,2019-20,Mainland Rural,70919.05721093314
0614-005-007,2019-20,Mainland Rural,20343.775257388806
0615-001-001,2019-20,Mainland Rural,52377.815145244094
0615-001-005,2019-20,Mainland Rural,26201.101467074142
0615-005-001,2019-20,Mainland Rural,43226.91758782937
0616-001-001,2019-20,Mainland Rural,60177.14089189333
0617-001-001,2019-20,Mainland Rural,122707.28298856932
0618-001-001,2019-20,Mainland Rural,121284.72491073227
0618-006-001,2019-20,Mainland Rural,74264.78407981513
0619-001-001,2019-20,Mainland Rural,89982.75185666181
0619-106-001,2019-20,Mainland Rural,58445.06848966254
0620-001-001,2019-20,Mainland Rural,22274.891692820038
0620-001-002,2019-20,Mainland Rural,16315.512294696691
0621-001-001,2019-20,Mainland Rural,34830.234922615506
0621-003-001,2019-20,Mainland Rural,22266.332840072893
0622-001-001,2019-20,Mainland Rural,26451.907039475747
0623-001-001,2019-20,Mainland Rural,155529.5886329375
0623-001-004,2019-20,Mainland Rural,60028.340376129934
0624-001-001,2019-20,Mainland Rural,48019.470122112805
0626-001-001,2019-20,Mainland Rural,12286.040019529131
0626-001-003,2019-20,Mainland Rural,22686.45050498169
0627-001-001,2019-20,Mainland Rural,59317.429123425274
0627-001-002,2019-20,Mainland Rural,20202.81896634919
0628-001-001,2019-20,Mainland Rural,46302.24756104083
0628-003-001,2019-20,Mainland Rural,14643.141737727326
0628-003-003,2019-20,Mainland Rural,37694.79823678265
0628-005-001,2019-20,Mainland Rural,58430.15544707393
0629-002-001,2019-20,Mainland Rural,51447.95174602068
0630-001-001,2019-20,Mainland Rural,33395.98631450877
0631-001-001,2019-20,Mainland Rural,35513.48686282005
0631-008-001,2019-20,Mainland Rural,42834.03232750007
0632-001-001,2019-20,Mainland Rural,41816.61284303954
0632-003-001,2019-20,Mainland Rural,30740.77357278796
0632-004-001,2019-20,Mainland Rural,25043.032414427442
0633-001-002,2019-20,Mainland Rural,23862.184296879597
0633-001-003,2019-20,Mainland Rural,16391.44056550951
0633-011-002,2019-20,Mainland Rural,80612.40241504344
0634-001-001,2019-20,Mainland Rural,52305.262716212754
0636-001-001,2019-20,Mainland Rural,26291.527505401424
0637-001-001,2019-20,Mainland Rural,52884.0669103908
0638-001-001,2019-20,Mainland Rural,27661.83697191625
0639-007-001,2019-20,Mainland Rural,33232.34928629905
0639-007-003,2019-20,Mainland Rural,56925.87673422703
0640-001-001,2019-20,Mainland Rural,17714.21357184853
0641-001-001,2019-20,Mainland Rural,34843.709598797795
0642-001-001,2019-20,Mainland Rural,31764.866245985504
0642-001-003,2019-20,Mainland Rural,34532.363800065476
0642-001-004,2019-20,Mainland Rural,23318.717160328484
0642-001-006,2019-20,Mainland Rural,28330.576472744204
0642-001-009,2019-20,Mainland Rural,30286.83859377241
0643-001-001,2019-20,Mainland Rural,54673.84570782053
0643-001-004,2019-20,Mainland Rural,154902.77361819032
0644-001-001,2019-20,Mainland Rural,32948.17325363682
0645-001-001,2019-20,Mainland Rural,50303.01051503832
0645-001-003,2019-20,Mainland Rural,36302.095865391915
0646-001-001,2019-20,Mainland Rural,84833.6489889544
0646-001-002,2019-20,Mainland Rural,30968.042619020987
0647-001-001,2019-20,Mainland Rural,46595.42775041053
0648-001-001,2019-20,Mainland Rural,173910.22483204023
0649-001-001,2019-20,Mainland Rural,63328.16624255404
0651-001-001,2019-20,Mainland Rural,161292.64718874756
0652-001-001,2019-20,Mainland Rural,36587.38238984658
0652-003-001,2019-20,Mainland Rural,82776.05818823831
0653-001-001,2019-20,Mainland Rural,35442.85517994111
0654-001-001,2019-20,Mainland Rural,38472.803660885496
0654-001-002,2019-20,Mainland Rural,78957.83929600308
0654-004-001,2019-20,Mainland Rural,50761.36784078537
0655-001-001,2019-20,Mainland Rural,39228.51513893221
0657-001-001,2019-20,Mainland Rural,32677.090522096136
0658-001-001,2019-20,Mainland Rural,45238.60649339021
0658-001-002,2019-20,Mainland Rural,24546.398881816403
0658-001-003,2019-20,Mainland Other Urban,21398.82860458085
0661-002-001,2019-20,Mainland Rural,35772.564788385855
0662-001-001,2019-20,Mainland Rural,17597.154077350224
0662-002-002,2019-20,Mainland Rural,67906.39910962872
0663-001-001,2019-20,Mainland Rural,79690.9110860782
0663-001-002,2019-20,Mainland Rural,24924.079591228485
0663-003-001,2019-20,Mainland Rural,50679.31622404695
0664-001-001,2019-20,Mainland Rural,34673.86640384855
0665-001-001,2019-20,Mainland Rural,32161.561986531317
0666-001-001,2019-20,Mainland Rural,38619.97325304786
0666-003-001,2019-20,Mainland Rural,27049.620246145183
0667-001-001,2019-20,Mainland Other Urban,33467.13159839622
0668-001-001,2019-20,Mainland Other Urban,32337.761209871016
0668-001-002,2019-20,Mainland Other Urban,21698.221007562275
0668-002-001,2019-20,Mainland Other Urban,34813.886972269036
0669-001-001,2019-20,Mainland Rural,30783.30468207693
0671-001-001,2019-20,Mainland Other Urban,55865.820971644804
0671-003-001,2019-20,Mainland Other Urban,33431.22440529564
0672-001-001,2019-20,Mainland Rural,35465.58661883554
0674-001-001,2019-20,Mainland Other Urban,53815.483667297805
0675-001-001,2019-20,Mainland Other Urban,40755.20449716749
0675-001-004,2019-20,Mainland Rural,44302.98408672222
0676-001-001,2019-20,Mainland Rural,47335.77076369857
0677-001-001,2019-20,Mainland Other Urban,26873.73170163603
0678-001-001,2019-20,Mainland Other Urban,36888.532833203404
0678-001-002,2019-20,Mainland Rural,36982.41822727906
0680-001-001,2019-20,Mainland Other Urban,10187.728066416757
0681-001-002,2019-20,Mainland Rural,65845.90779831265
0682-001-002,2019-20,Mainland Other Urban,35758.174797156236
0683-001-001,2019-20,Mainland Other Urban,90721.03971881143
0683-001-009,2019-20,Mainland Rural,21571.172929763783
0683-002-002,2019-20,Mainland Other Urban,17974.950615222016
0684-001-002,2019-20,Mainland Rural,25920.051230312543
0684-001-004,2019-20,Mainland Other Urban,38267.357517210236
0684-005-001,2019-20,Mainland Rural,43671.49786997355
0685-001-001,2019-20,Mainland Rural,34223.21112831576
0686-001-001,2019-20,Dar Es Salaam,45558.58501899955
0687-001-001,2019-20,Mainland Other Urban,46535.80589652574
0687-006-001,2019-20,Mainland Other Urban,27804.14728729691
0687-006-002,2019-20,Mainland Other Urban,13616.642618656319
0688-001-001,2019-20,Mainland Rural,49993.629083560925
0689-001-001,2019-20,Mainland Other Urban,52164.7897182436
0689-001-008,2019-20,Mainland Rural,106805.47449490939
0690-001-001,2019-20,Mainland Other Urban,24145.58839813747
0692-002-001,2019-20,Mainland Other Urban,38378.25451650867
0694-001-001,2019-20,Mainland Other Urban,47098.36385059242
0695-001-001,2019-20,Mainland Rural,73487.03382142016
0695-004-001,2019-20,Mainland Rural,51977.051938125536
0695-004-003,2019-20,Mainland Rural,34254.53392455475
0696-001-001,2019-20,Mainland Rural,41776.68374046405
0696-002-001,2019-20,Mainland Rural,22364.774782250588
0696-004-001,2019-20,Mainland Other Urban,26070.62805864049
0697-001-001,2019-20,Mainland Other Urban,69864.98135157891
0698-001-001,2019-20,Mainland Other Urban,60153.799716171576
0698-003-002,2019-20,Mainland Rural,24286.48430832356
0698-009-001,2019-20,Mainland Rural,49531.764166063476
0699-001-001,2019-20,Mainland Other Urban,22178.786873516394
0700-001-001,2019-20,Mainland Other Urban,36697.140238549735
0701-003-001,2019-20,Dar Es Salaam,35087.33251986364
0702-001-001,2019-20,Mainland Other Urban,39911.315690839416
0703-001-001,2019-20,Mainland Other Urban,34185.33467445332
0706-002-001,2019-20,Mainland Other Urban,36525.995286400575
0707-001-001,2019-20,Mainland Rural,73207.42381563182
0708-002-001,2019-20,Mainland Rural,37427.49192707092
0709-001-001,2019-20,Mainland Other Urban,24307.692414156718
0709-001-002,2019-20,Mainland Other Urban,34573.31576971105
0710-001-001,2019-20,Mainland Rural,44999.74794476791
0710-003-001,2019-20,Mainland Rural,40620.27126923438
0710-003-003,2019-20,Mainland Rural,27731.44366444415
0710-004-001,2019-20,Mainland Rural,40564.24879189746
0711-001-003,2019-20,Mainland Other Urban,34108.15398189316
0714-001-002,2019-20,Mainland Rural,29645.246678685235
0715-001-001,2019-20,Mainland Other Urban,36921.755975535736
0715-004-001,2019-20,Mainland Other Urban,41345.013322781146
0717-001-001,2019-20,Mainland Rural,32143.603164947348
0718-001-001,2019-20,Mainland Rural,90580.14678050419
0718-003-001,2019-20,Mainland Rural,22064.413026048933
0718-010-001,2019-20,Mainland Rural,58616.426320484505
0719-001-001,2019-20,Mainland Other Urban,42471.30594537973
0720-001-001,2019-20,Mainland Rural,53569.93406683147
0720-001-011,2019-20,Mainland Rural,96531.9421175182
0720-010-001,2019-20,Mainland Rural,54175.074278632565
0720-010-006,2019-20,Mainland Rural,56415.03503988207
0720-015-001,2019-20,Mainland Rural,28044.563303681047
0720-015-003,2019-20,Mainland Rural,18701.309929958712
0720-015-004,2019-20,Mainland Rural,20807.435820226114
0721-002-001,2019-20,Mainland Other Urban,67985.04562493718
0723-001-001,2019-20,Mainland Rural,42244.13503199696
0724-001-001,2019-20,Mainland Rural,19004.83977334304
0725-001-001,2019-20,Mainland Rural,38867.93306447689
0725-004-001,2019-20,Mainland Rural,27717.053207341043
0726-001-001,2019-20,Mainland Rural,25301.239465978
0726-004-001,2019-20,Mainland Rural,29074.27264589544
0726-004-006,2019-20,Mainland Rural,16369.834269418709
0727-001-001,2019-20,Mainland Rural,35734.06434420619
0729-001-002,2019-20,Mainland Rural,80595.06361789677
0729-003-001,2019-20,Mainland Rural,33511.198998250504
0729-004-001,2019-20,Mainland Rural,40581.22901530967
0731-001-001,2019-20,Mainland Rural,30024.274865686937
0732-001-001,2019-20,Mainland Rural,36894.17374329388
0733-001-001,2019-20,Mainland Rural,46871.84431229795
0734-001-001,2019-20,Mainland Rural,53831.268144741414
0736-001-001,2019-20,Mainland Other Urban,44412.11529029738
0736-003-001,2019-20,Mainland Rural,59501.948955652864
0736-003-003,2019-20,Mainland Rural,20984.174672159144
0736-003-004,2019-20,Mainland Rural,28773.69185746298
0736-003-005,2019-20,Mainland Rural,15581.802186354016
0736-003-006,2019-20,Mainland Rural,20420.830562835206
0737-001-001,2019-20,Mainland Rural,49497.73113725146
0738-001-001,2019-20,Mainland Rural,59579.807670710936
0739-001-001,2019-20,Mainland Rural,39612.29940926678
0740-001-001,2019-20,Mainland Rural,46116.945684601036
0740-003-001,2019-20,Mainland Other Urban,29324.61805879369
0741-001-004,2019-20,Mainland Rural,19125.35971893895
0742-001-001,2019-20,Mainland Rural,52157.87052287847
0742-006-001,2019-20,Mainland Rural,48793.53203705354
0742-006-003,2019-20,Mainland Other Urban,55426.905584940374
0743-001-001,2019-20,Mainland Rural,66845.04132770383
0743-001-002,2019-20,Mainland Rural,24386.5209809658
0744-001-001,2019-20,Mainland Rural,40939.17669871157
0744-003-001,2019-20,Mainland Other Urban,16731.988075595105
0744-005-002,2019-20,Mainland Rural,53800.623102129415
0745-001-001,2019-20,Mainland Rural,56133.31912968011
0746-001-001,2019-20,Mainland Rural,54086.5125496779
0747-001-001,2019-20,Mainland Rural,30891.192895730637
0748-001-001,2019-20,Mainland Rural,83711.5355610707
0748-006-001,2019-20,Mainland Rural,60318.07526872128
0749-001-001,2019-20,Mainland Other Urban,43182.55308097039
0749-002-001,2019-20,Mainland Other Urban,16782.157023760457
0749-003-001,2019-20,Mainland Rural,36668.10624309602
0750-001-001,2019-20,Mainland Rural,47167.73064664603
0751-001-001,2019-20,Mainland Rural,23553.199535854284
0751-001-002,2019-20,Mainland Rural,34084.630312867506
0751-001-009,2019-20,Mainland Rural,24514.218800253653
0752-001-001,2019-20,Mainland Rural,144058.85868384872
0752-004-001,2019-20,Mainland Rural,260174.7923333965
0752-004-004,2019-20,Mainland Other Urban,23299.998776681263
0752-021-001,2019-20,Mainland Rural,45750.03302228101
0753-001-001,2019-20,Mainland Rural,37145.240374188696
0754-001-001,2019-20,Mainland Rural,60963.20408984365
0755-001-001,2019-20,Mainland Rural,46204.22246163438
0756-001-001,2019-20,Mainland Rural,101143.91012050195
0756-001-003,2019-20,Mainland Rural,30806.86477689961
0757-001-001,2019-20,Mainland Rural,37797.31014069719
0758-001-001,2019-20,Mainland Rural,38661.03437964227
0759-001-001,2019-20,Mainland Rural,37095.1312604174
0761-001-001,2019-20,Zanzibar,65690.65517214249
0762-001-001,2019-20,Zanzibar,52781.46653399087
0768-001-001,2019-20,Zanzibar,64879.75921393899
0768-001-002,2019-20,Zanzibar,67213.69466882428
0768-001-004,2019-20,Zanzibar,46486.73287666986
0768-001-011,2019-20,Zanzibar,36158.65326905621
0769-001-001,2019-20,Zanzibar,39560.544042623245
0770-001-001,2019-20,Zanzibar,52222.536737114744
0771-001-001,2019-20,Zanzibar,65573.39312584493
0772-001-002,2019-20,Zanzibar,67276.15726707478
0772-002-003,2019-20,Zanzibar,51966.957779954326
0772-002-004,2019-20,Zanzibar,32913.67985654572
0773-001-001,2019-20,Zanzibar,63586.151882160804
0773-001-003,2019-20,Zanzibar,34592.95981228107
0775-001-001,2019-20,Zanzibar,42631.62660024579
0776-001-001,2019-20,Zanzibar,84567.9232829738
0776-001-005,2019-20,Zanzibar,20495.315327202912
0777-001-001,2019-20,Zanzibar,78020.67633697127
0778-001-001,2019-20,Zanzibar,42774.07264036398
0780-001-001,2019-20,Zanzibar,85257.6968552524
0781-001-001,2019-20,Zanzibar,46529.11877946607
0783-001-001,2019-20,Zanzibar,70874.17263848388
0783-001-004,2019-20,Zanzibar,34145.6881992657
0783-001-006,2019-20,Zanzibar,31660.68940172219
0785-001-001,2019-20,Zanzibar,62860.35148819376
0785-001-004,2019-20,Zanzibar,14561.416912416305
0785-001-005,2019-20,Zanzibar,37774.466425766564
0785-001-006,2019-20,Zanzibar,47157.862002046975
0785-008-001,2019-20,Zanzibar,48238.71733135699
0785-008-002,2019-20,Zanzibar,37972.7028231297
0786-002-001,2019-20,Zanzibar,47940.34598453487
0787-001-001,2019-20,Zanzibar,32179.759213919697
0788-001-001,2019-20,Zanzibar,34347.30269817662
0789-001-001,2019-20,Zanzibar,79216.00198465366
0789-001-003,2019-20,Zanzibar,29316.901833182368
0789-001-005,2019-20,Zanzibar,38170.13381069047
0789-001-006,2019-20,Zanzibar,17062.736202781653
0789-001-007,2019-20,Zanzibar,40461.084191050206
0790-001-001,2019-20,Zanzibar,50422.40131439892
0791-001-001,2019-20,Zanzibar,86036.63834893522
0792-002-003,2019-20,Zanzibar,33921.200115109175
0793-001-001,2019-20,Zanzibar,67650.86867258558
0794-001-001,2019-20,Zanzibar,58827.48643099735
0796-001-002,2019-20,Zanzibar,73582.55683768392
0797-001-001,2019-20,Zanzibar,86064.62737588778
0797-002-002,2019-20,Zanzibar,59682.73745934576
0798-001-001,2019-20,Zanzibar,76886.84431312699
0800-001-001,2019-20,Zanzibar,68738.70711753918
0800-001-002,2019-20,Zanzibar,46022.33528942132
0802-001-001,2019-20,Zanzibar,64284.39067951514
0803-001-002,2019-20,Zanzibar,66386.6389996908
0803-001-010,2019-20,Zanzibar,32159.404902478364
0806-001-001,2019-20,Zanzibar,34814.70156933957
0809-001-001,2019-20,Zanzibar,66847.99827656712
0809-001-008,2019-20,Dar Es Salaam,40491.654092717734
0810-001-001,2019-20,Zanzibar,123117.3355519269
0810-001-004,2019-20,Zanzibar,31588.816283785876
0813-001-001,2019-20,Zanzibar,54531.843097305966
0813-006-001,2019-20,Zanzibar,39749.66205573039
0816-001-001,2019-20,Zanzibar,68059.3616107405
0816-003-001,2019-20,Zanzibar,37989.0221933132
0816-003-002,2019-20,Zanzibar,70868.05169774688
0816-004-001,2019-20,Zanzibar,33161.26778607237
0816-005-001,2019-20,Zanzibar,48224.81104721399
0817-001-001,2019-20,Zanzibar,60512.2606733899
0817-001-007,2019-20,Zanzibar,21872.09313446325
0817-009-001,2019-20,Zanzibar,37288.93374250767
0820-001-002,2019-20,Zanzibar,46243.493997404395
0820-001-003,2019-20,Zanzibar,84866.33064459314
0820-001-009,2019-20,Zanzibar,33408.97876926499
0822-001-001,2019-20,Zanzibar,58517.39087703765
0824-001-001,2019-20,Zanzibar,78007.44480017913
0824-001-003,2019-20,Zanzibar,41573.34864234248
0827-001-002,2019-20,Zanzibar,56320.029320967275
0828-001-001,2019-20,Zanzibar,37032.88092191493
0828-001-002,2019-20,Zanzibar,49047.95460268741
0829-001-001,2019-20,Zanzibar,81578.70853975344
0830-001-001,2019-20,Zanzibar,45055.36995827586
0831-001-001,2019-20,Zanzibar,76030.98434420148
0834-001-001,2019-20,Zanzibar,53697.751147020135
0835-001-001,2019-20,Zanzibar,45901.14853135251
0836-001-001,2019-20,Zanzibar,82980.28635037385
0836-001-002,2019-20,Zanzibar,32912.066996552254
0839-001-002,2019-20,Zanzibar,40906.42912690437
0839-001-003,2019-20,Zanzibar,40566.77489207023
0839-002-001,2019-20,Zanzibar,29500.374125117276
0840-001-002,2019-20,Zanzibar,37340.893777385616
0840-001-003,2019-20,Zanzibar,70082.60205565424
0841-001-001,2019-20,Zanzibar,89281.26105235638
0842-001-001,2019-20,Zanzibar,72843.28744768539
0843-001-001,2019-20,Zanzibar,33146.62115952198
0844-001-001,2019-20,Zanzibar,22584.925700839718
0844-001-002,2019-20,Zanzibar,34987.97698766824
0844-004-001,2019-20,Zanzibar,59766.14540208838
0844-004-004,2019-20,Zanzibar,43897.58715164046
0846-001-001,2019-20,Zanzibar,59958.46276315764
0847-001-001,2019-20,Zanzibar,81145.36611140732
0847-001-003,2019-20,Zanzibar,47549.363741274465
0847-004-001,2019-20,Zanzibar,42709.40500174737
0848-001-001,2019-20,Zanzibar,66928.90043161104
0848-001-003,2019-20,Zanzibar,40930.09096770892
0848-001-004,2019-20,Zanzibar,35749.522712592865
0848-001-005,2019-20,Zanzibar,29837.633555522076
0849-001-001,2019-20,Zanzibar,39644.64864978905
0850-001-002,2019-20,Zanzibar,40159.059484711484
0850-001-003,2019-20,Zanzibar,67307.62749460623
0851-001-001,2019-20,Zanzibar,62737.34932965229
0852-001-001,2019-20,Zanzibar,41372.82499051588
0852-001-002,2019-20,Zanzibar,52872.62968401857
0854-001-001,2019-20,Zanzibar,64071.756616253326
0855-001-001,2019-20,Zanzibar,36522.392255575476
0856-001-001,2019-20,Zanzibar,78734.22908269758
0856-001-003,2019-20,Zanzibar,44137.23156678401
0857-001-001,2019-20,Zanzibar,61810.95050785356
0858-001-001,2019-20,Dar Es Salaam,24151.330182109727
0858-001-002,2019-20,Dar Es Salaam,150905.42352266258
1009-001-01,2020-21,Mainland Rural,39104.66830065573
1025-001-02,2020-21,Mainland Other Urban,18395.089610311927
1039-001-01,2020-21,Mainland Other Urban,54556.19833628553
1078-001-01,2020-21,Mainland Rural,39394.39990240244
1102-001-01,2020-21,Mainland Rural,46106.03005757329
1142-001-01,2020-21,Dar Es Salaam,31359.850816357557
1196-001-01,2020-21,Dar Es Salaam,49355.202206001144
1213-001-01,2020-21,Dar Es Salaam,61930.56451392642
1232-001-01,2020-21,Dar Es Salaam,64608.10487219268
1248-001-01,2020-21,Dar Es Salaam,20369.858987869746
1269-001-01,2020-21,Dar Es Salaam,32477.14830804243
1325-001-01,2020-21,Dar Es Salaam,27813.475662559806
1348-001-01,2020-21,Dar Es Salaam,92837.09573524974
1406-001-01,2020-21,Dar Es Salaam,25922.968209091592
1419-001-01,2020-21,Dar Es Salaam,35640.659875752564
1438-001-01,2020-21,Dar Es Salaam,27919.691287689155
1497-001-01,2020-21,Dar Es Salaam,50375.37393545474
1514-001-01,2020-21,Dar Es Salaam,20669.03662916584
1538-001-01,2020-21,Dar Es Salaam,31389.764081515033
1553-001-03,2020-21,Dar Es Salaam,53864.14232235411
1589-001-01,2020-21,Dar Es Salaam,20561.390271658693
1654-001-01,2020-21,Dar Es Salaam,30823.358861453056
1671-001-01,2020-21,Dar Es Salaam,34473.05775756518
1691-001-01,2020-21,Dar Es Salaam,43177.35140274373
1703-001-01,2020-21,Dar Es Salaam,31543.701862681017
1733-001-01,2020-21,Dar Es Salaam,28968.867897984226
1744-001-01,2020-21,Dar Es Salaam,33843.69976917695
1766-001-01,2020-21,Dar Es Salaam,120464.54274266008
1785-001-02,2020-21,Mainland Rural,29983.21973130306
1799-001-01,2020-21,Mainland Rural,36564.24993701748
1821-001-01,2020-21,Mainland Other Urban,36154.887302721494
1842-001-01,2020-21,Mainland Rural,19423.304623143347
1862-001-01,2020-21,Mainland Rural,37358.8316867169
1880-001-01,2020-21,Mainland Rural,35587.8668310819
1896-001-01,2020-21,Mainland Rural,43700.48793045708
1916-001-01,2020-21,Mainland Other Urban,18322.87896721727
1935-001-01,2020-21,Mainland Rural,32320.189824857116
1952-001-02,2020-21,Mainland Rural,27559.211431201566
1974-001-01,2020-21,Mainland Rural,29313.631692962623
1992-001-01,2020-21,Mainland Other Urban,36305.706114595814
2011-001-01,2020-21,Mainland Rural,37086.891879645176
2051-001-01,2020-21,Mainland Rural,27951.484605582897
2067-001-01,2020-21,Mainland Rural,597609.5113659152
2102-001-01,2020-21,Mainland Rural,36082.070386771666
2147-001-01,2020-21,Mainland Rural,152413.8674689778
2166-001-01,2020-21,Mainland Rural,36010.093922279346
2185-001-01,2020-21,Mainland Rural,65766.25378697565
2218-001-01,2020-21,Mainland Rural,33396.01314445649
2235-001-01,2020-21,Mainland Rural,38854.56785429313
2257-001-01,2020-21,Mainland Rural,47260.78156123576
2280-001-01,2020-21,Zanzibar,71890.54645717786
2292-001-02,2020-21,Zanzibar,69304.11550732405
2311-001-01,2020-21,Zanzibar,95652.6607989367
2330-001-01,2020-21,Zanzibar,53529.82802579927
2353-001-01,2020-21,Zanzibar,70291.51635910315
2375-001-01,2020-21,Zanzibar,23298.95612267603
2389-001-02,2020-21,Zanzibar,44876.811873183105
2407-001-01,2020-21,Zanzibar,42489.96317638771
2427-001-01,2020-21,Zanzibar,76085.28812592049
2444-001-01,2020-21,Mainland Other Urban,31536.390557076364
2467-001-02,2020-21,Mainland Rural,61522.90790058082
2484-001-01,2020-21,Mainland Rural,30407.431735098548
2524-001-01,2020-21,Mainland Rural,67115.08516471609
2545-001-01,2020-21,Mainland Other Urban,48292.62179575604
2563-001-01,2020-21,Mainland Rural,17197.83171553662
2601-001-01,2020-21,Mainland Rural,29820.260475157305
2620-001-01,2020-21,Mainland Rural,40561.940703963344
2637-001-01,2020-21,Mainland Rural,24456.823315902177
2654-001-01,2020-21,Mainland Other Urban,72544.78001736083
2675-001-01,2020-21,Mainland Rural,38426.92286605142
2691-001-02,2020-21,Mainland Rural,36091.45889590867
2717-001-01,2020-21,Mainland Rural,27066.829119622642
2755-001-01,2020-21,Zanzibar,40914.43570951105
2770-001-01,2020-21,Zanzibar,48252.684881510926
2789-001-01,2020-21,Zanzibar,40031.07984111562
2826-001-01,2020-21,Zanzibar,32225.517854635946
2845-001-01,2020-21,Mainland Rural,16053.859259748544
2865-001-02,2020-21,Mainland Other Urban,19550.628228499743
2882-001-01,2020-21,Mainland Rural,39801.333576763944
2906-001-01,2020-21,Mainland Rural,20789.95476492204
2919-001-01,2020-21,Mainland Rural,17004.397512753152
2939-001-01,2020-21,Mainland Rural,24296.618384132034
2963-001-01,2020-21,Mainland Rural,19022.823363804437
3020-001-01,2020-21,Mainland Rural,58694.37924054944
3037-001-01,2020-21,Mainland Rural,19441.102889690344
3057-001-01,2020-21,Mainland Other Urban,31358.602922260692
3074-001-01,2020-21,Mainland Rural,59114.045207027455
3112-001-01,2020-21,Mainland Rural,13449.222598523684
3128-001-01,2020-21,Mainland Rural,33937.169332491154
3151-001-02,2020-21,Mainland Other Urban,37516.2357670718
3186-001-01,2020-21,Mainland Rural,30567.962203214076
3206-001-01,2020-21,Mainland Rural,31504.941372773555
3226-001-02,2020-21,Mainland Rural,32290.813937892835
3248-001-01,2020-21,Mainland Other Urban,41563.059209318475
3262-001-01,2020-21,Mainland Rural,35051.639438021695
3286-001-01,2020-21,Zanzibar,54309.28682195865
3325-001-01,2020-21,Zanzibar,83568.08419409407
3339-001-01,2020-21,Zanzibar,77279.61712990263
3364-001-01,2020-21,Zanzibar,58993.191845037996
3378-001-01,2020-21,Zanzibar,18765.48827641601
3399-001-01,2020-21,Zanzibar,67273.81872138458
3435-001-01,2020-21,Zanzibar,64927.74362859753
3462-001-01,2020-21,Zanzibar,43018.83414592266
3474-001-01,2020-21,Zanzibar,49171.806756075806
3490-001-01,2020-21,Zanzibar,52569.642416344475
3527-001-01,2020-21,Zanzibar,44559.07020060293
3549-001-01,2020-21,Zanzibar,57478.897828161236
3565-001-01,2020-21,Zanzibar,39173.08441412721
3588-001-01,2020-21,Zanzibar,84588.9896168879
3606-001-01,2020-21,Mainland Rural,29022.811654444427
3622-001-01,2020-21,Mainland Other Urban,38058.43536025292
3644-001-01,2020-21,Mainland Rural,77414.06666034275
3665-001-01,2020-21,Mainland Rural,33047.70460158737
3687-001-01,2020-21,Mainland Other Urban,43579.1213022959
3698-001-01,2020-21,Mainland Other Urban,44407.13342405468
3717-001-01,2020-21,Mainland Rural,37849.61104614278
3740-001-01,2020-21,Mainland Rural,68432.82352438898
3756-001-01,2020-21,Mainland Rural,32712.057998687644
3779-001-02,2020-21,Mainland Rural,16770.320490488342
3799-001-01,2020-21,Mainland Rural,15934.241814257055
3819-001-01,2020-21,Mainland Other Urban,17313.98247383631
3838-001-01,2020-21,Mainland Rural,21934.177274868653
3852-001-01,2020-21,Mainland Rural,32132.054917863923
3890-001-01,2020-21,Mainland Rural,31324.72796122064
3911-001-01,2020-21,Mainland Other Urban,27687.52359721014
3948-001-01,2020-21,Mainland Rural,46258.54634553534
3985-001-01,2020-21,Mainland Other Urban,79720.8337638252
4006-001-01,2020-21,Mainland Rural,42236.48752715777
4025-001-01,2020-21,Mainland Rural,29786.465797940535
4044-001-01,2020-21,Mainland Rural,15311.794458043152
4064-001-01,2020-21,Mainland Other Urban,28724.136378917767
4081-001-01,2020-21,Mainland Rural,31877.619023937434
4101-001-01,2020-21,Mainland Other Urban,15399.521061129024
4122-001-01,2020-21,Mainland Rural,18129.039384050477
4156-001-03,2020-21,Mainland Rural,19938.86658903961
4175-001-01,2020-21,Mainland Other Urban,28291.993119195347
4200-001-01,2020-21,Mainland Rural,48444.88942283913
4238-001-01,2020-21,Mainland Other Urban,23681.275910303026
4255-001-01,2020-21,Mainland Rural,18914.75857067726
4293-001-01,2020-21,Mainland Other Urban,27504.144379172147
4310-001-02,2020-21,Mainland Rural,29356.055835098003
4325-001-01,2020-21,Mainland Rural,61978.42597889576
4347-001-01,2020-21,Mainland Other Urban,33835.97178779609
4366-001-02,2020-21,Mainland Rural,42242.53533688202
4386-001-02,2020-21,Mainland Rural,32927.432474977715
4406-001-01,2020-21,Mainland Other Urban,23897.253965617067
4423-001-01,2020-21,Mainland Rural,42024.98167668894
4446-001-01,2020-21,Mainland Rural,63271.594963660165
4462-001-01,2020-21,Mainland Rural,51208.83923473751
4484-001-01,2020-21,Mainland Rural,43261.69895558114
4496-001-01,2020-21,Mainland Rural,29869.523493079705
4516-001-01,2020-21,Mainland Rural,44365.77075282152
4538-001-01,2020-21,Mainland Rural,36862.36491126745
4613-001-01,2020-21,Mainland Rural,23614.276877212505
4633-001-01,2020-21,Mainland Rural,91303.33973349704
4655-001-01,2020-21,Mainland Rural,104783.71105539882
4669-001-01,2020-21,Mainland Rural,21859.20205168695
4693-001-01,2020-21,Mainland Other Urban,70705.51981857172
4748-001-01,2020-21,Mainland Rural,38097.01272175659
4764-001-04,2020-21,Mainland Rural,33587.41253815977
4789-001-01,2020-21,Mainland Rural,28948.753719647717
4800-001-01,2020-21,Mainland Rural,86932.07143825146
4825-001-01,2020-21,Mainland Rural,67546.35092544623
4845-001-01,2020-21,Mainland Rural,41720.28173117527
4858-001-01,2020-21,Mainland Other Urban,46789.53959252895
4883-001-01,2020-21,Mainland Rural,52744.56151146091
4900-001-01,2020-21,Mainland Rural,28775.53784871384
4918-001-01,2020-21,Mainland Rural,20807.855140722
4937-001-01,2020-21,Mainland Rural,52228.15707663369
4994-001-01,2020-21,Mainland Rural,53078.24530315821
5016-001-01,2020-21,Mainland Rural,33848.331025968175
5047-001-01,2020-21,Mainland Other Urban,36527.8034538326
5068-001-01,2020-21,Mainland Rural,49115.78723083228
5091-001-01,2020-21,Mainland Rural,38760.59546619216
5111-001-01,2020-21,Dar Es Salaam,26654.41975925539
5144-001-01,2020-21,Dar Es Salaam,30538.711069867364
5170-001-01,2020-21,Dar Es Salaam,26896.9958821294
5182-001-01,2020-21,Dar Es Salaam,55658.84976552026
5224-001-02,2020-21,Dar Es Salaam,19125.570120399956
5240-001-01,2020-21,Dar Es Salaam,34246.50893991114
5263-001-01,2020-21,Dar Es Salaam,38306.00631554539
5283-001-01,2020-21,Dar Es Salaam,57131.70121477424
5303-001-01,2020-21,Dar Es Salaam,21118.905439455957
5351-001-02,2020-21,Dar Es Salaam,31585.01778482608
5373-001-01,2020-21,Dar Es Salaam,41037.18680946517
5397-001-01,2020-21,Dar Es Salaam,34113.75313532418
5412-001-01,2020-21,Dar Es Salaam,29705.46521696152
5427-001-01,2020-21,Dar Es Salaam,45879.88021591973
5451-001-01,2020-21,Dar Es Salaam,13849.955264569888
5469-001-01,2020-21,Dar Es Salaam,28035.272074401888
5487-001-01,2020-21,Dar Es Salaam,75296.0034385003
5550-001-01,2020-21,Dar Es Salaam,42403.415096435776
5564-001-01,2020-21,Dar Es Salaam,79943.35374067722
5602-001-01,2020-21,Dar Es Salaam,28212.52608145185
5623-001-01,2020-21,Dar Es Salaam,56447.09634282958
5655-001-01,2020-21,Dar Es Salaam,36515.91421006517
5680-001-01,2020-21,Dar Es Salaam,22049.02666829023
5697-001-01,2020-21,Dar Es Salaam,14673.587359201652
5715-001-02,2020-21,Dar Es Salaam,20345.631696045693
5734-001-01,2020-21,Dar Es Salaam,29262.357364124164
5759-001-01,2020-21,Dar Es Salaam,40545.446710378
5775-001-01,2020-21,Mainland Rural,22996.241873286
5793-001-02,2020-21,Mainland Rural,35775.691440673305
5808-001-01,2020-21,Mainland Other Urban,29735.40757831122
5829-001-01,2020-21,Mainland Rural,37921.38417443436
5852-001-01,2020-21,Mainland Rural,46666.474127067755
5871-001-02,2020-21,Mainland Rural,82234.38581364075
5886-001-01,2020-21,Mainland Rural,58294.75468843573
5911-001-01,2020-21,Mainland Rural,57921.39552900136
5947-001-01,2020-21,Mainland Rural,15565.762854815626
5966-001-01,2020-21,Mainland Rural,35317.4211733376
6016-001-02,2020-21,Mainland Other Urban,34105.48069734712
6040-001-01,2020-21,Mainland Rural,38662.610584930444
6061-001-02,2020-21,Mainland Other Urban,31398.133034191702
6095-001-01,2020-21,Mainland Rural,61939.880142395334
6111-001-02,2020-21,Mainland Rural,21709.88348975348
6134-001-01,2020-21,Mainland Rural,32651.981533987426
6155-001-01,2020-21,Mainland Rural,45496.08643237427
6212-001-02,2020-21,Mainland Rural,56443.79115514168
6229-001-01,2020-21,Mainland Other Urban,34735.09805208297
6247-001-01,2020-21,Mainland Rural,86912.9241019961
6269-001-01,2020-21,Mainland Rural,39249.99629392547
6284-001-02,2020-21,Zanzibar,68945.24324297796
6301-001-02,2020-21,Zanzibar,43449.917585423405
6326-001-01,2020-21,Zanzibar,33556.3860501762
6345-001-01,2020-21,Zanzibar,69453.23577556599
6360-001-01,2020-21,Zanzibar,52413.3416046522
6383-001-01,2020-21,Zanzibar,34458.669989943395
6398-001-01,2020-21,Zanzibar,49625.57151833475
6441-001-01,2020-21,Mainland Other Urban,43189.2722895095
6456-001-01,2020-21,Mainland Rural,32365.271285305895
6472-001-01,2020-21,Mainland Rural,26087.436001860086
6497-001-01,2020-21,Mainland Rural,23324.252559836335
6514-001-02,2020-21,Mainland Rural,41471.64377610489
6534-001-01,2020-21,Mainland Rural,38869.05476074442
6554-001-01,2020-21,Mainland Other Urban,26164.35406213916
6568-001-01,2020-21,Mainland Rural,166106.63605896512
6609-001-01,2020-21,Mainland Rural,31267.17574218704
6625-001-01,2020-21,Mainland Other Urban,30341.77232706954
6648-001-03,2020-21,Mainland Rural,25412.182431222725
6682-001-01,2020-21,Mainland Rural,15438.547292712454
6705-001-01,2020-21,Mainland Rural,60212.1238360681
6720-001-01,2020-21,Mainland Rural,42571.88137739585
6741-001-01,2020-21,Mainland Rural,63079.4181072271
6795-001-01,2020-21,Mainland Rural,52461.86496109265
6821-001-02,2020-21,Zanzibar,45878.04682910165
6838-001-01,2020-21,Zanzibar,40575.596153005616
6857-001-01,2020-21,Zanzibar,22886.61069648845
6895-001-01,2020-21,Zanzibar,80872.66274059926
6934-001-01,2020-21,Mainland Rural,18430.450888997406
6952-001-01,2020-21,Mainland Rural,41961.569450470764
6970-001-01,2020-21,Mainland Rural,39232.59505723752
6987-001-01,2020-21,Mainland Rural,38931.187510899596
7007-001-01,2020-21,Mainland Other Urban,43736.0779005981
7028-001-01,2020-21,Mainland Rural,47990.0997019183
7048-001-01,2020-21,Mainland Rural,18022.77887291628
7087-001-01,2020-21,Mainland Other Urban,44845.836333436964
7103-001-01,2020-21,Mainland Rural,11528.404276300924
7118-001-01,2020-21,Mainland Rural,45748.52485912354
7139-001-01,2020-21,Mainland Other Urban,21924.3767092321
7185-001-01,2020-21,Mainland Rural,65108.49323255371
7198-001-01,2020-21,Mainland Rural,46332.67538913694
7219-001-01,2020-21,Mainland Rural,47022.28778935544
7237-001-01,2020-21,Mainland Rural,32806.242214189486
7253-001-01,2020-21,Mainland Rural,35866.619530126234
7272-001-01,2020-21,Mainland Rural,39377.527520042095
7295-001-01,2020-21,Mainland Other Urban,34341.305401997975
7315-001-02,2020-21,Zanzibar,38488.49470293363
7353-001-01,2020-21,Zanzibar,42492.819769914466
7365-001-01,2020-21,Zanzibar,59983.62868074286
7391-001-01,2020-21,Zanzibar,47541.336915166656
7405-001-01,2020-21,Zanzibar,85010.33489918856
7441-001-01,2020-21,Zanzibar,43233.14404281273
7460-001-01,2020-21,Zanzibar,79641.03635538835
7479-001-02,2020-21,Zanzibar,63354.68848066108
7523-001-01,2020-21,Zanzibar,71848.67822087172
7542-001-01,2020-21,Zanzibar,59409.10196815169
7562-001-01,2020-21,Zanzibar,46768.006460767436
7578-001-02,2020-21,Zanzibar,43811.20409351677
7600-001-01,2020-21,Zanzibar,49657.00762526403
7633-001-01,2020-21,Mainland Rural,21599.49559111567
7675-001-01,2020-21,Mainland Other Urban,106949.92401898584
7695-001-01,2020-21,Mainland Rural,45067.239451185655
7710-001-02,2020-21,Mainland Other Urban,22967.879080957337
7729-001-01,2020-21,Mainland Rural,27934.83589324627
7745-001-02,2020-21,Mainland Other Urban,25572.128461834873
7786-001-01,2020-21,Mainland Rural,21777.749885273774
7802-001-01,2020-21,Mainland Rural,53909.029064015616
7822-001-01,2020-21,Mainland Rural,51477.7884857333
7881-001-01,2020-21,Mainland Other Urban,30079.60546547728
7904-001-01,2020-21,Mainland Rural,24835.745296205183
7918-001-01,2020-21,Mainland Rural,74079.43381424213
7936-001-01,2020-21,Mainland Rural,59624.21220597229
7958-001-01,2020-21,Mainland Other Urban,68671.71360493115
7979-001-01,2020-21,Mainland Rural,63781.3409070252
7998-001-01,2020-21,Mainland Other Urban,53978.93451122444
8014-001-01,2020-21,Mainland Rural,96406.1554391794
8030-001-01,2020-21,Mainland Rural,18937.617951320266
8068-001-02,2020-21,Mainland Rural,50983.19660268825
8090-001-01,2020-21,Mainland Rural,22262.068895989123
8108-001-01,2020-21,Mainland Rural,36495.27816740492
8131-001-01,2020-21,Mainland Other Urban,11112.14486187756
8146-001-01,2020-21,Mainland Other Urban,57307.69907445469
8173-001-01,2020-21,Mainland Rural,35051.87798075837
8182-001-01,2020-21,Mainland Rural,43101.047296722936
8243-001-02,2020-21,Mainland Other Urban,13057.401975642322
8262-001-01,2020-21,Mainland Rural,18159.13808066462
8285-001-01,2020-21,Mainland Rural,22166.54653999771
8300-001-01,2020-21,Mainland Other Urban,15704.111283657994
8318-001-01,2020-21,Mainland Other Urban,39937.87940894634
8340-001-01,2020-21,Mainland Rural,44940.8097733092
8359-001-01,2020-21,Mainland Rural,58747.619863592474
8417-001-01,2020-21,Mainland Rural,185134.95793461785
8430-001-02,2020-21,Mainland Rural,188434.4306659267
8452-001-01,2020-21,Mainland Rural,27748.47191777593
8487-001-01,2020-21,Mainland Rural,117358.83637466637
8506-001-01,2020-21,Mainland Rural,132477.04251419974
8526-001-01,2020-21,Mainland Rural,79931.61993500628
8549-001-01,2020-21,Mainland Rural,82015.29361880213
8569-001-01,2020-21,Mainland Rural,104249.42574593348
8583-001-01,2020-21,Mainland Rural,41987.81149715725
8602-001-01,2020-21,Mainland Other Urban,32511.885110062773
8623-001-01,2020-21,Mainland Rural,46145.47102933015
8645-001-01,2020-21,Mainland Other Urban,85282.33336697698
8659-001-01,2020-21,Mainland Rural,42249.89863279492
8683-001-01,2020-21,Mainland Rural,48967.44027099926
8695-001-01,2020-21,Mainland Rural,101827.90162125557
8718-001-01,2020-21,Mainland Rural,103684.36700406038
8759-001-01,2020-21,Mainland Rural,22600.514968199477
8777-001-01,2020-21,Mainland Rural,31966.225369605414
8816-001-01,2020-21,Mainland Rural,40197.87494069006
8830-001-01,2020-21,Mainland Rural,16935.770799756196
8848-001-01,2020-21,Mainland Rural,60669.832034356805
8866-001-01,2020-21,Mainland Rural,32957.675350474805
8923-001-01,2020-21,Mainland Other Urban,85380.4840841703
8942-001-01,2020-21,Mainland Rural,42292.02290184481
8966-001-01,2020-21,Mainland Rural,39419.86682797667
9004-001-99,2020-21,Mainland Other Urban,29362.671168975667
9016-001-99,2020-21,Mainland Other Urban,50044.91229475496
9028-001-99,2020-21,Mainland Other Urban,27400.16649296441
9052-001-99,2020-21,Mainland Other Urban,18259.91142218763
9064-001-99,2020-21,Mainland Other Urban,24662.456258772818
9076-001-99,2020-21,Mainland Other Urban,33804.51707706983
9088-001-99,2020-21,Mainland Other Urban,32867.44614795566
9100-001-99,2020-21,Mainland Other Urban,28045.40020728933
9112-001-99,2020-21,Mainland Other Urban,19477.370880162158
9124-001-99,2020-21,Mainland Other Urban,48233.27252742522
9136-001-99,2020-21,Mainland Other Urban,22961.065423466884
9148-001-99,2020-21,Mainland Other Urban,25286.787238366913
9160-001-99,2020-21,Mainland Other Urban,30548.827197067334
9172-001-99,2020-21,Mainland Other Urban,39261.39293047556
9184-001-99,2020-21,Mainland Other Urban,16959.952354669836
9220-001-99,2020-21,Mainland Other Urban,63685.44983796904
9232-001-99,2020-21,Mainland Other Urban,23841.575530985963
9244-001-99,2020-21,Mainland Other Urban,21670.395715466428
9256-001-99,2020-21,Mainland Other Urban,24885.599364169764
9268-001-99,2020-21,Mainland Other Urban,18168.53061983448
9280-001-99,2020-21,Mainland Other Urban,44710.27034810205
9292-001-99,2020-21,Mainland Other Urban,41571.87691284022
9304-001-99,2020-21,Mainland Other Urban,27994.19874179771
9316-001-99,2020-21,Mainland Other Urban,59935.151508892326
9328-001-99,2020-21,Mainland Other Urban,10658.270348917431
9340-001-99,2020-21,Mainland Other Urban,52564.57755358889
9352-001-99,2020-21,Mainland Other Urban,37281.419434807874
9364-001-99,2020-21,Mainland Other Urban,45721.93976463995
9376-001-99,2020-21,Mainland Other Urban,56915.35394760423
9388-001-99,2020-21,Mainland Other Urban,24149.319522834678
9400-001-99,2020-21,Mainland Other Urban,39695.75118117811
9412-001-99,2020-21,Mainland Other Urban,23934.245170087124
9424-001-99,2020-21,Mainland Other Urban,25859.949414118902
9436-001-99,2020-21,Mainland Other Urban,30634.869615144475
9448-001-99,2020-21,Mainland Other Urban,26963.044278131045
9460-001-99,2020-21,Mainland Other Urban,23066.97115075005
9484-001-99,2020-21,Mainland Other Urban,43788.830723263985
9496-001-99,2020-21,Mainland Other Urban,32469.051707165607
9508-001-99,2020-21,Mainland Other Urban,35869.27572679007
9520-001-99,2020-21,Mainland Other Urban,662369.4187172245
9544-001-99,2020-21,Mainland Other Urban,21370.91146643992
9556-001-99,2020-21,Mainland Other Urban,56985.160839509845
9568-001-99,2020-21,Mainland Other Urban,13618.837442628916
9580-001-99,2020-21,Mainland Other Urban,19340.752824753094
9592-001-99,2020-21,Mainland Other Urban,18807.25304749447
9616-001-99,2020-21,Mainland Other Urban,36134.69572860151
9628-001-99,2020-21,Mainland Other Urban,25075.6264761215
9640-001-99,2020-21,Mainland Other Urban,125775.70063574034
9652-001-99,2020-21,Mainland Other Urban,35349.35412175295
9664-001-99,2020-21,Mainland Other Urban,25873.858838203876
9676-001-99,2020-21,Mainland Other Urban,20032.980046303033
9688-001-99,2020-21,Mainland Other Urban,28020.712046376564
9700-001-99,2020-21,Mainland Other Urban,37369.61045015335
9712-001-99,2020-21,Mainland Other Urban,33987.311296375556
9724-001-99,2020-21,Mainland Other Urban,33150.00414549988
9736-001-99,2020-21,Mainland Other Urban,25274.87816337947
9748-001-99,2020-21,Mainland Other Urban,24725.681178164694
9760-001-99,2020-21,Mainland Other Urban,43650.63657465113
9772-001-99,2020-21,Mainland Other Urban,25653.65691703159
9784-001-99,2020-21,Mainland Other Urban,22114.58750771192
9796-001-99,2020-21,Mainland Other Urban,23586.75303667047
9808-001-99,2020-21,Mainland Other Urban,36815.340962606315
